1001;134284265;Terreaux / Terme;Angle rue d AlgÌ©rie;2005-05-24 00:00:00 +0200;2088340.0;794096.0;45.7677;4.83216;693810501;69381;501;LYON 1ER;MAIRIE - MARTINIERE;793931.001427937;2088404.3001359;45,7682709;4,8299903;1;384;129;0;0;0;2;2179
1002;134284266;OpÌ©ra;Angle rue Serlin - Angle place de la comÌ©die;2005-09-17 00:00:00 +0200;2088290.0;794407.0;45.7675;4.83628;693810102;69381;102;LYON 1ER;LOUIS PRADEL;794402.501427316;2088372.00013585;45,7678457;4,8360353;2;49;22;0;0;0;0;54
1003;134284267;Place Sathonay;Angle nord-ouest de la place;2006-06-09 00:00:00 +0200;2088450.0;793963.0;45.7693;4.83008;693810501;69381;501;LYON 1ER;MAIRIE - MARTINIERE;793931.001427937;2088404.3001359;45,7682709;4,8299903;1;384;129;0;0;0;2;2179
1005;134284269;Meissonnier;Place Meissonier - Angle Sud-Est de la place;2005-05-25 00:00:00 +0200;2088170.0;794151.0;45.7661;4.83279;693810101;69381;101;LYON 1ER;TERREAUX - BAT D'ARGENT;794286.101427482;2088230.9001358;45,7666102;4,8344821;1;1066;475;3;0;5;0;3570
1006;134284270;Subsistances;En face du nå¡14 quai Saint-Vincent;2007-10-26 00:00:00 +0200;2088340.0;793125.0;45.7679;4.81981;693850101;69385;101;LYON 5E;SAINT-PAUL;793510.001428514;2088169.40013583;45,7662786;4,8244855;2;174;43;1;0;0;1;2417
1012;134284276;AmpÌ¬re / Bourse;Rue de la Bourse - Long du CollÌ¬ge-LycÌ©e AmpÌ¬;2005-09-28 00:00:00 +0200;2088200.0;794473.0;45.7658;4.83689;693810101;69381;101;LYON 1ER;TERREAUX - BAT D'ARGENT;794286.101427482;2088230.9001358;45,7666102;4,8344821;2;49;22;0;0;0;0;54
1013;134284277;MartiniÌ¬re;Rue de la MartiniÌ¬re;2005-05-24 00:00:00 +0200;2088400.0;793715.0;45.7682;4.82759;693810501;69381;501;LYON 1ER;MAIRIE - MARTINIERE;793931.001427937;2088404.3001359;45,7682709;4,8299903;3;189;34;1;0;1;0;2633
1016;134284280;PÌ»cherie;Rue de la PlatiÌ¬re - Angle quai de la PÌ»cheri;2005-05-24 00:00:00 +0200;2088140.0;794018.0;45.7659;4.83125;693810101;69381;101;LYON 1ER;TERREAUX - BAT D'ARGENT;794286.101427482;2088230.9001358;45,7666102;4,8344821;1;384;129;0;0;0;2;2179
1020;134284284;Terreaux / Chenavard;Rue Chenavard - CÌ«tÌ© place des Terreaux;2005-05-24 00:00:00 +0200;2088270.0;794157.0;45.7669;4.83291;693810101;69381;101;LYON 1ER;TERREAUX - BAT D'ARGENT;794286.101427482;2088230.9001358;45,7666102;4,8344821;1;1066;475;3;0;5;0;3570
1021;134284285;Terreaux / Beaux Arts;Rue Herriot - Devant MusÌ©e des Beaux Arts;2005-06-17 00:00:00 +0200;2088280.0;794265.0;45.7669;4.83428;693810101;69381;101;LYON 1ER;TERREAUX - BAT D'ARGENT;794286.101427482;2088230.9001358;45,7666102;4,8344821;1;1066;475;3;0;5;0;3570
1022;134284286;Place Tolozan;Place Tolozan - Angle nord-est de la place;2005-10-08 00:00:00 +0200;2088620.0;794487.0;45.7696;4.83766;693810102;69381;102;LYON 1ER;LOUIS PRADEL;794402.501427316;2088372.00013585;45,7678457;4,8360353;1;324;82;2;0;0;0;2570
1023;134284287;Croix Rousse / Perfetti;Face au nå¡23 bd de la Croix-Rousse;2006-06-13 00:00:00 +0200;2088820.0;793074.0;45.7723;4.81949;693840403;69384;403;LYON 4E;BONY BONNET;793259.001428769;2089116.00013625;45,774862;4,8216451;3;148;20;1;0;0;0;2330
1024;134284288;Rouville;rue de l Annoncia;2006-08-15 00:00:00 +0200;2088540.0;793497.0;45.7697;4.82463;693810303;69381;303;LYON 1ER;ANNONCIADE - SAINT-BENOIT;793670.001428271;2088556.10013598;45,7697103;4,8266986;3;189;34;1;0;1;0;2633
1031;134284295;Place de la Paix;Place de la Paix - En face de La Poste;2005-10-06 00:00:00 +0200;2088380.0;794060.0;45.768;4.83173;693810501;69381;501;LYON 1ER;MAIRIE - MARTINIERE;793931.001427937;2088404.3001359;45,7682709;4,8299903;1;384;129;0;0;0;2;2179
1032;134284296;Pizay;17 rue Piz;2006-07-05 00:00:00 +0200;2088300.0;794415.0;45.7672;4.83639;693810102;69381;102;LYON 1ER;LOUIS PRADEL;794402.501427316;2088372.00013585;45,7678457;4,8360353;2;49;22;0;0;0;0;54
1034;134284298;CarmÌ©lites / Burdeau;Face au nå¡30 montÌ©e des CarmÌ©lites;2006-06-10 00:00:00 +0200;2088590.0;793869.0;45.7701;4.82922;693810302;69381;302;LYON 1ER;TROIS GAULES;793886.501427975;2088667.60013601;45,7706512;4,8295259;2;179;29;0;0;0;0;1890
1035;134284299;Quai Lassagne;3 quai AndrÌ© Lassagne;2007-10-25 00:00:00 +0200;2088850.0;794513.0;45.7722;4.83791;693810202;69381;202;LYON 1ER;CAPUCINS - GRIFFON;794291.201427452;2088506.00013592;45,7690825;4,83466;1;324;82;2;0;0;0;2570
1036;134284300;Aveyron;44 bd de la Croix-Rousse;2007-10-23 00:00:00 +0200;2089090.0;794161.0;45.7743;4.83261;693840203;69384;203;LYON 4E;PLACE CROIX ROUSSE - AUSTERLITZ;794106.401427637;2089239.00013624;45,7757265;4,8325846;3;366;159;0;0;2;0;2339
2001;134285265;Bellecour / RÌ©publique;Angle RÌ©publique / rue de la Barre;2005-09-17 00:00:00 +0200;2087270.0;794318.0;45.758;4.83463;693820204;69382;204;LYON 2E;BELLECOUR - SALA;794106.40142781;2087121.50013534;45,7566857;4,8317208;1;216;106;5;0;1;1;319
2002;134285266;Bellecour / St ExupÌ©ry;CÌ«tÌ© rue Lintier;2005-09-17 00:00:00 +0200;2087300.0;793996.0;45.7583;4.83044;693820202;69382;202;LYON 2E;BELLECOUR - A GOURJUS;793906.701428057;2087328.10013544;45,7586005;4,8292396;2;824;395;2;0;4;0;2318
2003;134285267;Place AmpÌ¬re;Angle Henry IV;2005-09-23 00:00:00 +0200;2086710.0;793842.0;45.753;4.82826;693820302;69382;302;LYON 2E;AMPERE - AINAY;793828.001428212;2086704.40013518;45,7530145;4,8279746;2;350;139;1;0;4;1;2449
2004;134285268;Perrache / Carnot;CÌ«tÌ© ouest;2005-07-18 00:00:00 +0200;2086390.0;793743.0;45.7502;4.82688;693820503;69382;503;LYON 2E;VERDUN - SUCHET;793691.501428435;2086183.60013497;45,7483704;4,8260094;3;200;75;4;1;6;0;1333
2005;134285269;2005 - CONFLUENCE HÌÓTEL DE RÌäGION;;;2085330.0;793198.0;45.7405;4.81913;693820502;69382;502;LYON 2E;RAMBAUD - SEGUIN;793202.101429119;2085736.00013482;45,7444847;4,8195418;1;217;127;10;0;0;0;407
2006;134285270;Place de l hippodrome;Angle cours Charlemagne;2005-06-30 00:00:00 +0200;2085860.0;793501.0;45.7456;4.82353;693820503;69382;503;LYON 2E;VERDUN - SUCHET;793691.501428435;2086183.60013497;45,7483704;4,8260094;4;262;108;0;0;3;0;4043
2007;134285271;Patinoire Charlemagne;Angle rue Casimir PÌ©rier;2005-06-23 00:00:00 +0200;2085520.0;793286.0;45.7426;4.82048;693820502;69382;502;LYON 2E;RAMBAUD - SEGUIN;793202.101429119;2085736.00013482;45,7444847;4,8195418;2;343;152;9;0;1;0;3854
2008;134285272;Place Antonin Poncet;CÌ«tÌ© rue des Marroniers;2005-05-24 00:00:00 +0200;2087130.0;794259.0;45.7568;4.83384;693820204;69382;204;LYON 2E;BELLECOUR - SALA;794106.40142781;2087121.50013534;45,7566857;4,8317208;4;600;259;4;0;3;2;2377
2009;134285273;2009 - CONFLUENCE DOCKS;;;2085270.0;792889.0;45.7397;4.81494;693820501;69382;501;LYON 2E;MONTROCHET - MARCHE - GARE;793380.601428936;2085074.00013452;45,7384812;4,8215656;1;217;127;10;0;0;0;407
2010;134285274;02010 - CONFLUENCE ÌÓRSE;;;2085580.0;792897.0;45.7415;4.81512;693820502;69382;502;LYON 2E;RAMBAUD - SEGUIN;793202.101429119;2085736.00013482;45,7444847;4,8195418;2;343;152;9;0;1;0;3854
2011;134285275;Sala / Rue de Plat;Face ÌÊ la facultÌ© catholique;2005-05-24 00:00:00 +0200;2087120.0;793848.0;45.7568;4.82837;693820204;69382;204;LYON 2E;BELLECOUR - SALA;794106.40142781;2087121.50013534;45,7566857;4,8317208;2;824;395;2;0;4;0;2318
2012;134285276;Gailleton;4 place Gailleton;2006-09-14 00:00:00 +0200;2086760.0;794248.0;45.7535;4.83335;693820401;69382;401;LYON 2E;GAILLETON - A. COMTE;794120.001427819;2086795.5001352;45,7537504;4,8317626;1;463;167;1;0;1;0;2211
2013;134285277;CÌ©lestins;CÌ«tÌ© nord de la pla;2005-05-25 00:00:00 +0200;2087480.0;794117.0;45.76;4.83199;693820103;69382;103;LYON 2E;JACOBINS;794156.001427709;2087555.50013553;45,7605741;4,832535;3;23;15;0;0;0;0;3
2014;134285278;Jacobins;6 rue Jean de Tourn;2006-12-07 00:00:00 +0100;2087580.0;794276.0;45.7607;4.83428;693820103;69382;103;LYON 2E;JACOBINS;794156.001427709;2087555.50013553;45,7605741;4,832535;2;839;414;2;0;6;1;2660
2015;134285279;Place de la RÌ©publique;CÌ«tÌ© est de la place;2005-05-23 00:00:00 +0200;2087590.0;794422.0;45.7609;4.83617;693820102;69382;102;LYON 2E;MERCIERE - GROLEE;794281.501427535;2087650.00013555;45,761388;4,8341859;2;839;414;2;0;6;1;2660
2016;134285280;Place Regaud;Angle rue Tupin / rue Herriot;2005-05-24 00:00:00 +0200;2087850.0;794281.0;45.7631;4.83428;693820101;69382;101;LYON 2E;LA BOURSE - GRENETTE;794337.201427437;2087960.10013568;45,7641605;4,8350281;1;1281;578;12;0;3;0;2793
2017;134285281;RÌ©publique / FerrandiÌ¬re;Rue de la RÌ©publique;2005-08-31 00:00:00 +0200;2087750.0;794406.0;45.7622;4.83596;693820102;69382;102;LYON 2E;MERCIERE - GROLEE;794281.501427535;2087650.00013555;45,761388;4,8341859;2;839;414;2;0;6;1;2660
2022;134285286;Place Carnot;Angle rue Plessier;2005-10-19 00:00:00 +0200;2086500.0;793727.0;45.7512;4.82685;693820503;69382;503;LYON 2E;VERDUN - SUCHET;793691.501428435;2086183.60013497;45,7483704;4,8260094;2;350;139;1;0;4;1;2449
2023;134285287;Hugo / Ste HÌ©lÌ¬ne;Entre rue Victor Hugo et rue d Auvergne;2005-05-23 00:00:00 +0200;2086890.0;793969.0;45.7547;4.82989;693820401;69382;401;LYON 2E;GAILLETON - A. COMTE;794120.001427819;2086795.5001352;45,7537504;4,8317626;1;463;167;1;0;1;0;2211
2024;134285288;RÌ©publique / Maupin;Entre Herriot et RÌ©publique;2005-05-27 00:00:00 +0200;2087360.0;794282.0;45.7587;4.83407;693820102;69382;102;LYON 2E;MERCIERE - GROLEE;794281.501427535;2087650.00013555;45,761388;4,8341859;1;216;106;5;0;1;1;319
2025;134285289;MerciÌ¬re / FerrandiÌ¬re;Entre rue de Brest et rue MerciÌ¬re;2005-05-25 00:00:00 +0200;2087720.0;794187.0;45.7621;4.8332;693820102;69382;102;LYON 2E;MERCIERE - GROLEE;794281.501427535;2087650.00013555;45,761388;4,8341859;2;839;414;2;0;6;1;2660
2026;134285290;RÌ©publique / Paufique;Angle rue de la RÌ©publique;2005-05-23 00:00:00 +0200;2087430.0;794373.0;45.7594;4.8354;693820201;69382;201;LYON 2E;HOTEL DIEU;794486.901427289;2087337.8001354;45,758522;4,8366971;1;216;106;5;0;1;1;319
2028;134285292;Sainte Blandine;Face station tram Sainte Blandine;2005-09-16 00:00:00 +0200;2085740.0;793404.0;45.7444;4.82214;693820504;69382;504;LYON 2E;SAINTE BLANDINE - CASIMIR PERIER;793561.501428647;2085692.50013478;45,7439914;4,82414;4;262;108;0;0;3;0;4043
2030;134285294;RÌ©publique / Poulaillerie;Angle Poulaillerie / RÌ©publique;2005-05-24 00:00:00 +0200;2087950.0;794382.0;45.7641;4.83552;693820101;69382;101;LYON 2E;LA BOURSE - GRENETTE;794337.201427437;2087960.10013568;45,7641605;4,8350281;1;1281;578;12;0;3;0;2793
2035;134285299;Childebert / RÌ©publique;Rue Marcel Gabriel RiviÌ¬re;2006-09-24 00:00:00 +0200;2087510.0;794401.0;45.7599;4.83575;693820201;69382;201;LYON 2E;HOTEL DIEU;794486.901427289;2087337.8001354;45,758522;4,8366971;2;839;414;2;0;6;1;2660
2036;134285300;Place Gourjus;11 place Gourjus;2007-11-01 00:00:00 +0100;2087420.0;793967.0;45.7595;4.83014;693820202;69382;202;LYON 2E;BELLECOUR - A GOURJUS;793906.701428057;2087328.10013544;45,7586005;4,8292396;2;824;395;2;0;4;0;2318
2037;134285301;Place des Archives;18 rue Dugas Montbel;2006-07-21 00:00:00 +0200;2086140.0;793590.0;45.7479;4.82491;693820503;69382;503;LYON 2E;VERDUN - SUCHET;793691.501428435;2086183.60013497;45,7483704;4,8260094;3;200;75;4;1;6;0;1333
2038;134285302;Hugo / Ainay;16 rue des remparts d Ain;2006-06-10 00:00:00 +0200;2086720.0;793931.0;45.7531;4.82956;693820302;69382;302;LYON 2E;AMPERE - AINAY;793828.001428212;2086704.40013518;45,7530145;4,8279746;2;350;139;1;0;4;1;2449
2039;134285303;CharitÌ© / RÌ©camier;Rue de la Charit;2006-07-22 00:00:00 +0200;2086290.0;793977.0;45.7492;4.82986;693820402;69382;402;LYON 2E;CARNOT - CHARITE;794052.101427935;2086466.60013507;45,7508123;4,8307563;2;514;192;3;0;9;0;3361
2040;134285304;Quai Saint Antoine;Face au nå¡10 quai Saint Antoi;2007-09-09 00:00:00 +0200;2087890.0;794085.0;45.7636;4.8319;693820101;69382;101;LYON 2E;LA BOURSE - GRENETTE;794337.201427437;2087960.10013568;45,7641605;4,8350281;1;1281;578;12;0;3;0;2793
2041;134285305;Sala / CharitÌ©;Face au nå¡52 rue Sala;2007-09-20 00:00:00 +0200;2086870.0;794246.0;45.7545;4.83301;693820401;69382;401;LYON 2E;GAILLETON - A. COMTE;794120.001427819;2086795.5001352;45,7537504;4,8317626;1;463;167;1;0;1;0;2211
2042;134285306;Joffre / Vaubecour;;2007-09-20 00:00:00 +0200;2086660.0;793573.0;45.7518;4.82468;693820301;69382;301;LYON 2E;VAUBECOUR - MAIRIE;793663.901428422;2086789.60013523;45,7538274;4,8259014;1;379;105;1;0;2;0;2824
3001;134286265;Part-Dieu / Vivier Merle;DerriÌ¬re la station de tram;2005-05-23 00:00:00 +0200;2087570.0;796182.0;45.7603;4.85859;693830301;69383;301;LYON 3E;PART-DIEU;795970.501425307;2087589.5001354;45,7603592;4,8558595;1;1582;752;59;1;3;2;3192
3002;134286266;Part-Dieu / Gare SNCF;;2006-03-16 00:00:00 +0100;2087550.0;796208.0;45.7602;4.85873;693830301;69383;301;LYON 3E;PART-DIEU;795970.501425307;2087589.5001354;45,7603592;4,8558595;1;530;222;28;0;3;0;2836
3003;134286267;Part-Dieu / Deruelle;Face rue MassÌ©;2005-05-24 00:00:00 +0200;2087880.0;795897.0;45.763;4.85498;693860603;69386;603;LYON 6E;J. RECAMIER;795966.001425267;2088149.00013564;45,7653915;4,8560321;3;301;84;2;0;0;0;1925
3004;134286268;Bourse du Travail;Angle rue Moncey / Part-Dieu;2005-05-27 00:00:00 +0200;2087490.0;795370.0;45.7597;4.84806;693830104;69383;104;LYON 3E;BONNEL - SERVIENT;795372.001426102;2087541.10013543;45,7600962;4,8481509;4;833;273;10;0;1;0;2785
3005;134286269;Saxe-Gambetta;Place Victor Basch;2005-09-15 00:00:00 +0200;2086820.0;795378.0;45.7538;4.84804;693830203;69383;203;LYON 3E;SAXE - VILEROY;795363.001426162;2086954.60013518;45,754825;4,8477945;3;311;104;2;0;0;0;2767
3007;134286271;Place d Arsonval;A cÌ«tÌ© du stand de fleurs;2005-05-23 00:00:00 +0200;2085740.0;797811.0;45.7434;4.8789;693830802;69383;802;LYON 3E;TRARIEUX - LACASSAGNE;798086.501422637;2086050.50013459;45,7459074;4,8824026;3;41;8;0;0;0;0;0
3008;134286272;Institut LumiÌ¬re;Place Ambroise Courtois;2006-09-26 00:00:00 +0200;2086000.0;797196.0;45.7458;4.87068;693880201;69388;201;LYON 8E;MONTPLAISIR;797309.501423688;2085749.00013452;45,7434222;4,8722985;1;124;26;1;0;1;0;2957
3009;134286273;MusÌ©e Africain;133 cours Gambetta;2006-01-10 00:00:00 +0100;2086490.0;796140.0;45.7503;4.85792;693870501;69387;501;LYON 7E;JULES BRUNARD;796079.401425262;2086371.10013488;45,7493719;4,8567567;1;220;60;3;0;0;0;4373
3010;134286274;Part-Dieu / Cuirassiers;Angle rue Bouchut;2005-08-23 00:00:00 +0200;2087470.0;795971.0;45.7595;4.85592;693830301;69383;301;LYON 3E;PART-DIEU;795970.501425307;2087589.5001354;45,7603592;4,8558595;1;1582;752;59;1;3;2;3192
3012;134286276;Place du ChÌ¢teau;A cÌ«tÌ© de l Ì©glise;2005-07-30 00:00:00 +0200;2086480.0;798452.0;45.7495;4.88727;693830703;69383;703;LYON 3E;MONCHAT - BONNAND;798244.501422392;2086504.00013478;45,7499391;4,8846207;3;325;84;0;0;0;1;3483
3013;134286277;Place Antoinette;Place Antoinette;2005-07-21 00:00:00 +0200;2086920.0;798571.0;45.7536;4.88902;693830901;69383;901;LYON 3E;RICHARD VITTON - DOCTEUR LONG;798820.401421614;2086716.00013482;45,7516773;4,8921062;1;341;99;0;0;0;0;4696
3015;134286279;Servient / Garibaldi;Angle rue Garibaldi;2005-05-26 00:00:00 +0200;2087620.0;795717.0;45.7608;4.85251;693830104;69383;104;LYON 3E;BONNEL - SERVIENT;795372.001426102;2087541.10013543;45,7600962;4,8481509;1;1582;752;59;1;3;2;3192
3016;134286280;LibertÌ© / Part-Dieu;Angle rue de la Part-Dieu;2005-06-13 00:00:00 +0200;2087440.0;794915.0;45.7593;4.84222;693830101;69383;101;LYON 3E;PREFECTURE;794993.001426599;2087600.10013548;45,7607356;4,8433061;5;543;208;2;0;2;0;3039
3018;134286282;CrÌ©qui / Voltaire;Angle rue Paul Bert;2005-08-26 00:00:00 +0200;2087190.0;795401.0;45.7567;4.8484;693830202;69383;202;LYON 3E;VOLTAIRE;795422.40142606;2087244.5001353;45,7574147;4,8486766;2;247;76;1;0;0;0;2617
3021;134286285;Place de la FerrandiÌ¬re;Intersection FerrandiÌ¬re/Jasseron;2005-07-18 00:00:00 +0200;2087530.0;797056.0;45.7597;4.86976;693830404;69383;404;LYON 3E;BARABAN - FERRANDIERE;797088.501423816;2087753.00013539;45,7615062;4,8702899;5;145;41;5;0;0;0;3828
3024;134286288;Rockefeller / Esquirol;Intersection Rockefeller / Esquirol;2005-08-05 00:00:00 +0200;2085520.0;798321.0;45.7414;4.88537;693880302;69388;302;LYON 8E;ROCKEFELLER - LA BUIRE;798369.501422328;2085270.50013424;45,7388112;4,8857124;2;207;68;4;0;0;0;3463
3029;134286293;Place Aristide Briand;Angle Gambetta;2005-05-30 00:00:00 +0200;2086750.0;795552.0;45.753;4.85024;693830204;69383;204;LYON 3E;SAINT-AMOUR;795669.001425765;2086859.50013511;45,7538819;4,8516862;4;206;69;2;0;0;0;3225
3031;134286295;Corneille / Servient;Angle rue Servient;2005-05-27 00:00:00 +0200;2087490.0;795082.0;45.7599;4.84451;693830101;69383;101;LYON 3E;PREFECTURE;794993.001426599;2087600.10013548;45,7607356;4,8433061;1;3;2;0;0;0;0;16
3032;134286296;Lafayette / CrÌ©qui;Angle cours Lafayette;2005-05-27 00:00:00 +0200;2087910.0;795277.0;45.7635;4.84712;693830103;69383;103;LYON 3E;LES HALLES;795379.00142607;2087828.00013555;45,762674;4,8483586;3;441;175;3;0;1;1;2059
3037;134286301;Paul Bert / Garibaldi;Rue Paul Bert;2005-05-23 00:00:00 +0200;2087220.0;795793.0;45.7571;4.85347;693830204;69383;204;LYON 3E;SAINT-AMOUR;795669.001425765;2086859.50013511;45,7538819;4,8516862;5;325;98;2;0;0;0;2518
3038;134286302;Vivier Merle / Paul Bert;Devant le bÌ¢timent de la CAFAL;2005-06-23 00:00:00 +0200;2087260.0;796208.0;45.7572;4.85893;693830501;69383;501;LYON 3E;VILLETTE - PAUL BERT;796603.901424506;2087141.10013517;45,7561443;4,8638114;1;530;222;28;0;3;0;2836
3039;134286303;Place Bir-Hakeim;Au niveau de la rue Duvivier;2005-05-24 00:00:00 +0200;2086740.0;795987.0;45.7526;4.85571;693830302;69383;302;LYON 3E;DANTON - BIR AKEIM;796048.901425266;2086816.00013507;45,7533813;4,8565481;2;590;241;26;0;3;0;8517
3043;134286307;Place Rouget de l Isle;Avenue Lacassagne;2005-07-21 00:00:00 +0200;2086960.0;796859.0;45.754;4.86723;693830602;69383;602;LYON 3E;DAUPHINE - MONTLUC;796697.401424431;2086560.00013491;45,750892;4,8647724;1;242;57;0;0;0;0;4218
3044;134286308;Quai Augagneur;Entre rue de Bonnel et rue Rabelais;2005-09-28 00:00:00 +0200;2087620.0;794834.0;45.762;4.84105;693830102;69383;102;LYON 3E;JUSSIEU;794952.001426643;2087716.00013553;45,7617895;4,8428269;2;343;116;1;0;1;0;1867
3051;134286315;Place Henri;Angle rue Docteur Long/av. Lacassagne;2005-07-22 00:00:00 +0200;2086290.0;797940.0;45.7482;4.88056;693830703;69383;703;LYON 3E;MONCHAT - BONNAND;798244.501422392;2086504.00013478;45,7499391;4,8846207;2;165;45;0;0;1;1;3104
3053;134286317;Gambetta / Jusserand;Angle cours Gambetta;2005-06-20 00:00:00 +0200;2086550.0;795973.0;45.7511;4.85558;693830302;69383;302;LYON 3E;DANTON - BIR AKEIM;796048.901425266;2086816.00013507;45,7533813;4,8565481;1;220;60;3;0;0;0;4373
3058;134286322;Place du Lac;Face ÌÊ la poste;2005-06-28 00:00:00 +0200;2087400.0;795791.0;45.7588;4.85388;693830205;69383;205;LYON 3E;MAIRIE - SAINT-SACREMENT;795661.101425738;2087312.50013531;45,7579575;4,8517709;5;325;98;2;0;0;0;2518
3066;134286330;Kimmerling / Faure;Angle avenue FÌ©lix Faure / rue Jean-Pierre LÌ©;2007-05-16 00:00:00 +0200;2086940.0;796612.0;45.7543;4.86346;693830601;69383;601;LYON 3E;ROUGET DE L'ISLE - FELIX FAURE;797075.801423898;2086955.00013505;45,7543343;4,8697963;1;314;103;4;0;0;0;3454
3067;134286331;Hachette;Devant nå¡2 rue Renoir;2006-06-19 00:00:00 +0200;2086800.0;796601.0;45.7529;4.86396;693830602;69383;602;LYON 3E;DAUPHINE - MONTLUC;796697.401424431;2086560.00013491;45,750892;4,8647724;2;166;63;2;0;0;0;3879
3071;134286335;Bioparc;Avenue Rockfell;2007-10-14 00:00:00 +0200;2085460.0;798552.0;45.7404;4.88821;693830804;69383;804;LYON 3E;CHAUSSAGNE DESGENETTES;798691.401421869;2085687.0001344;45,7424624;4,8900198;2;207;68;4;0;0;0;3463
3079;134286343;Place Louise;Face au nå¡4 place Louise;2007-09-20 00:00:00 +0200;2086610.0;798251.0;45.7512;4.88482;693830703;69383;703;LYON 3E;MONCHAT - BONNAND;798244.501422392;2086504.00013478;45,7499391;4,8846207;3;325;84;0;0;0;1;3483
3080;134286344;Part-Dieu / Villette;;2007-09-29 00:00:00 +0200;2087570.0;796398.0;45.7601;4.86175;693830401;69383;401;LYON 3E;VILLETTE GARE;796411.301424723;2087608.60013538;45,7604037;4,8615303;1;530;222;28;0;3;0;2836
3082;134286346;Place Bahadourian;;2006-07-26 00:00:00 +0200;2087250.0;795137.0;45.7576;4.84511;693830201;69383;201;LYON 3E;MONCEY;795114.501426477;2087116.00013526;45,7563477;4,8446686;1;340;149;1;0;0;0;2814
3083;134286347;Les Halles;183 rue AndrÌ© Philip;2007-10-31 00:00:00 +0100;2087740.0;795526.0;45.7615;4.85048;693830104;69383;104;LYON 3E;BONNEL - SERVIENT;795372.001426102;2087541.10013543;45,7600962;4,8481509;3;441;175;3;0;1;1;2059
3084;134286348;Desaix;Face ÌÊ la Maison de l Enfance;2006-07-05 00:00:00 +0200;2087240.0;795990.0;45.7573;4.8552;693830301;69383;301;LYON 3E;PART-DIEU;795970.501425307;2087589.5001354;45,7603592;4,8558595;5;325;98;2;0;0;0;2518
3085;134286349;SacrÌ© Coeur;Au niveau du nå¡66 rue Charrial;2006-10-06 00:00:00 +0200;2087190.0;796938.0;45.7578;4.86839;693830502;69383;502;LYON 3E;PAUL BERT - MAISONS NEUVES;797209.901423703;2087167.00013513;45,7562017;4,8716067;2;263;48;2;0;0;0;3834
3086;134286350;Feuillat / Lacassagne;Face au nå¡115 avenue Lacassagne;2006-09-23 00:00:00 +0200;2086440.0;797557.0;45.7496;4.87602;693830702;69383;702;LYON 3E;JULES VERNE - ACACIAS;797614.401423215;2086612.10013487;45,7510946;4,8765724;2;132;30;1;0;0;0;3533
3087;134286351;Part-Dieu / Garibaldi;Face au nå¡4 bd EugÌ¬ne Deruelle;2006-07-29 00:00:00 +0200;2087850.0;795687.0;45.7628;4.8523;693860503;69386;503;LYON 6E;VAUBAN;795730.001425577;2088172.50013566;45,7656708;4,8530097;3;441;175;3;0;1;1;2059
3088;134286352;Place Guichard;Face au nå¡51 rue Moncey;2006-09-01 00:00:00 +0200;2087400.0;795258.0;45.7588;4.84654;693830104;69383;104;LYON 3E;BONNEL - SERVIENT;795372.001426102;2087541.10013543;45,7600962;4,8481509;4;833;273;10;0;1;0;2785
3089;134286353;Trarieux / Lacassagne;221 avenue Lacassagne;2007-04-28 00:00:00 +0200;2086000.0;798594.0;45.7453;4.88896;693830804;69383;804;LYON 3E;CHAUSSAGNE DESGENETTES;798691.401421869;2085687.0001344;45,7424624;4,8900198;4;77;6;0;0;0;0;1960
3090;134286354;Vinatier;Angle bd Pinel / avenue d Esquir;2007-06-20 00:00:00 +0200;2085620.0;798946.0;45.7419;4.8935;693830804;69383;804;LYON 3E;CHAUSSAGNE DESGENETTES;798691.401421869;2085687.0001344;45,7424624;4,8900198;4;77;6;0;0;0;0;1960
3091;134286355;HÌ«pital Neurologique;59 bd Pinel;2007-10-25 00:00:00 +0200;2086380.0;799214.0;45.7482;4.89695;693830902;69383;902;LYON 3E;CHAMBOVET - PINEL;798897.401421543;2086340.00013466;45,7482738;4,8929381;2;110;14;2;0;1;0;2129
3094;134286358;Villette / Paul Bert;74 rue de la Villette;2007-10-26 00:00:00 +0200;2087300.0;796404.0;45.7578;4.86169;693830401;69383;401;LYON 3E;VILLETTE GARE;796411.301424723;2087608.60013538;45,7604037;4,8615303;1;314;103;4;0;0;0;3454
3097;134286361;Augagneur / Fosse aux Our;Angle quai Augagneur / pont de la GuillotiÌ¬re;2007-02-19 00:00:00 +0100;2087170.0;794735.0;45.7572;4.84037;693870101;69387;101;LYON 7E;PASTEUR;794756.301426975;2086820.50013517;45,7537932;4,8399463;5;543;208;2;0;2;0;3039
3099;134286363;Place Sainte Anne;230 rue Paul Bert;2007-10-09 00:00:00 +0200;2087270.0;796694.0;45.757;4.86544;693830403;69383;403;LYON 3E;POMPIDOU;796715.001424335;2087434.50013528;45,7587504;4,8653599;1;314;103;4;0;0;0;3454
3100;134286364;Sisley / DauphinÌ©;Face au nå¡4 rue Paul Sisley;2007-09-18 00:00:00 +0200;2086780.0;796978.0;45.7528;4.8688;693830603;69383;603;LYON 3E;SAINT-MAXIMIN - SISLEY;796981.501424068;2086397.00013482;45,7493441;4,8683541;1;242;57;0;0;0;0;4218
3101;134286365;Patinoire Baraban;52 rue Baraban;2007-09-30 00:00:00 +0200;2087770.0;796912.0;45.7625;4.8686;693830404;69383;404;LYON 3E;BARABAN - FERRANDIERE;797088.501423816;2087753.00013539;45,7615062;4,8702899;2;258;97;8;0;1;0;3474
3102;134286366;Dr Long / AubÌ©pins;2 rue de la Caille;2007-10-27 00:00:00 +0200;2086700.0;798766.0;45.7526;4.89425;693830901;69383;901;LYON 3E;RICHARD VITTON - DOCTEUR LONG;798820.401421614;2086716.00013482;45,7516773;4,8921062;1;341;99;0;0;0;0;4696
3103;134286367;Place Danton;4 place Danton;2007-09-30 00:00:00 +0200;2086980.0;796117.0;45.7548;4.85754;693830302;69383;302;LYON 3E;DANTON - BIR AKEIM;796048.901425266;2086816.00013507;45,7533813;4,8565481;2;590;241;26;0;3;0;8517
4001;134287265;Conservatoire;Au sud du nå¡1 quai Joseph Gillet;2007-09-22 00:00:00 +0200;2088620.0;792697.0;45.7704;4.81424;693890402;69389;402;LYON 9E;ARLOING - L'OBSERVANCE;792522.301429797;2088473.50013603;45,7692936;4,8119182;2;174;43;1;0;0;1;2417
4002;134287266;Mairie du 4å¡;Devant la mairie du 4å¡;2005-05-23 00:00:00 +0200;2089050.0;793713.0;45.7742;4.82776;693840303;69384;303;LYON 4E;MAIRIE - TABAREAU;793696.001428189;2089133.60013622;45,7748958;4,8272678;3;317;95;1;0;0;1;2742
4003;134287267;Place Commandant  Arnaud;Angle rue de Belfort;2005-08-22 00:00:00 +0200;2089690.0;794259.0;45.7797;4.83478;693840202;69384;202;LYON 4E;GRANDE RUE - BERTONE;794174.001427515;2089651.00013641;45,7794119;4,8336215;2;304;108;0;0;0;0;2514
4004;134287268;HÌ©non;Angle rue HÌ©non;2005-05-23 00:00:00 +0200;2089670.0;793700.0;45.7797;4.82763;693840301;69384;301;LYON 4E;DELEUVRE - HENON;793607.401428253;2089792.50013651;45,780846;4,8263975;1;190;62;1;0;1;1;3012
4005;134287269;Place Bertone;Rue du Chariot d Or;2005-05-24 00:00:00 +0200;2089460.0;794242.0;45.7776;4.83469;693840103;69384;103;LYON 4E;CDT ARNAUD - DUMONT D'URVILLE;794352.501427289;2089527.00013634;45,7782459;4,8358648;3;224;43;0;0;0;0;2958
4006;134287270;Philippe de Lasalle;Angle rue Ansel;2005-05-25 00:00:00 +0200;2089060.0;793216.0;45.7733;4.82131;693840403;69384;403;LYON 4E;BONY BONNET;793259.001428769;2089116.00013625;45,774862;4,8216451;3;148;20;1;0;0;0;2330
4007;134287271;Place Flammarion;CÌ«tÌ© Rue Philippe de Lassalle;2005-06-29 00:00:00 +0200;2089600.0;793118.0;45.7793;4.82024;693840401;69384;401;LYON 4E;SAINT-EXUPERY - POPY;793281.001428689;2089740.00013651;45,7804668;4,8221813;1;63;13;0;0;0;0;1574
4009;134287273;Jacquard / Denfert-Rocher;Rue Denfert-Rochereau / Angle rue Jacquart;2005-07-09 00:00:00 +0200;2089240.0;793554.0;45.7759;4.82542;693840302;69384;302;LYON 4E;CANUTS - D'ENFERT ROCHEREAU;793662.501428218;2089334.50013631;45,7767119;4,8269191;2;114;24;0;0;0;0;2390
4011;134287275;Place Jean Ambre;Place Jean Ambre;2005-05-23 00:00:00 +0200;2089880.0;794102.0;45.7815;4.83284;693840201;69384;201;LYON 4E;HOPITAL - SAINT-DENIS;793960.40142778;2089860.00013651;45,7813523;4,8309616;1;71;21;0;0;0;0;332
4012;134287276;Place Adrien Godien;Angle montÌ©e de la Boucle;2005-09-24 00:00:00 +0200;2089660.0;794741.0;45.7792;4.84095;693840102;69384;102;LYON 4E;BOUCLE LOUIS THEVENET;794620.301426922;2089682.10013639;45,7795639;4,8393697;2;123;14;0;0;0;0;2931
4014;134287278;Philippe de Lassalle / Pi;Angle rue Pillement;2005-07-11 00:00:00 +0200;2089390.0;793148.0;45.7774;4.82049;693840403;69384;403;LYON 4E;BONY BONNET;793259.001428769;2089116.00013625;45,774862;4,8216451;2;52;12;0;0;0;1;2102
4017;134287281;Place des Tapis;Angle Bvd de la Croix-Rousse;2005-07-05 00:00:00 +0200;2089270.0;793861.0;45.7761;4.82947;693840302;69384;302;LYON 4E;CANUTS - D'ENFERT ROCHEREAU;793662.501428218;2089334.50013631;45,7767119;4,8269191;2;114;24;0;0;0;0;2390
4021;134287285;Tabareau;Angle Bvd de la Croix-Rousse;2005-07-23 00:00:00 +0200;2089030.0;793529.0;45.7741;4.82519;693840403;69384;403;LYON 4E;BONY BONNET;793259.001428769;2089116.00013625;45,774862;4,8216451;3;317;95;1;0;0;1;2742
4022;134287286;Place de la Croix-Rousse;Prox. Grande rue de la Croix-Rousse;2005-08-18 00:00:00 +0200;2089270.0;794100.0;45.7761;4.8325;693840203;69384;203;LYON 4E;PLACE CROIX ROUSSE - AUSTERLITZ;794106.401427637;2089239.00013624;45,7757265;4,8325846;3;366;159;0;0;2;0;2339
4023;134287287;Pont Mazaryk;Face au 45 quai Gillet;2006-06-12 00:00:00 +0200;2089460.0;792382.0;45.7782;4.81064;693890202;69389;202;LYON 9E;LA GARE D'EAU;792264.901430031;2089791.00013661;45,7812137;4,8091433;2;148;66;4;0;0;0;672
4025;134287289;Parc Cerisaie;Rue ChaziÌ¬re;2006-09-13 00:00:00 +0200;2089160.0;792962.0;45.7754;4.81787;693840402;69384;402;LYON 4E;FLAMMARION BONY;792990.001429108;2089330.10013636;45,7768636;4,8182752;2;52;12;0;0;0;1;2102
4041;134287305;Boussange / Austerlitz;1bis rue AimÌ© Boussange;2007-11-24 00:00:00 +0100;2089220.0;794297.0;45.7755;4.83506;693840203;69384;203;LYON 4E;PLACE CROIX ROUSSE - AUSTERLITZ;794106.401427637;2089239.00013624;45,7757265;4,8325846;3;366;159;0;0;2;0;2339
4042;134287306;Stade GrÌ©gory Coupet;63 rue Philippe de Lassalle;2007-10-31 00:00:00 +0100;2089930.0;793135.0;45.7818;4.8206;693840401;69384;401;LYON 4E;SAINT-EXUPERY - POPY;793281.001428689;2089740.00013651;45,7804668;4,8221813;1;63;13;0;0;0;0;1574
5001;134288265;Place Varillon (funiculai;Devant le nå¡63 rue de Trion;2006-07-07 00:00:00 +0200;2087140.0;792799.0;45.7572;4.8153;693850204;69385;204;LYON 5E;RADISSON - CHOULANS;792999.001429288;2086971.10013536;45,7556486;4,817434;4;133;41;0;0;0;0;1766
5002;134288266;Place des Compagnons de l;Angle rue des Aqueducs;2005-07-14 00:00:00 +0200;2087020.0;791352.0;45.7565;4.79669;693850602;69385;602;LYON 5E;POINT DU JOUR;791560.501431181;2087102.50013552;45,757237;4,799008;2;193;63;1;0;0;0;2204
5004;134288268;St Jean;Entre la cathÌ©drale et le funiculaire;2005-05-27 00:00:00 +0200;2087510.0;793671.0;45.7605;4.82656;693850102;69385;102;LYON 5E;SAINT-JEAN;793791.401428171;2087813.20013565;45,7629954;4,8279559;3;290;86;1;0;0;1;2094
5005;134288269;Saint Paul;PrÌ¬s de la gare de St Paul;2005-09-17 00:00:00 +0200;2088160.0;793728.0;45.7663;4.82736;693850101;69385;101;LYON 5E;SAINT-PAUL;793510.001428514;2088169.40013583;45,7662786;4,8244855;1;280;88;0;1;3;1;2135
5006;134288270;Quai Romain Rolland;Face ancien Palais de Justice;2005-07-06 00:00:00 +0200;2087710.0;793855.0;45.7621;4.82884;693850102;69385;102;LYON 5E;SAINT-JEAN;793791.401428171;2087813.20013565;45,7629954;4,8279559;2;335;139;1;0;3;2;2182
5007;134288271;Place de Trion;Place de Trion;2005-09-28 00:00:00 +0200;2087230.0;792634.0;45.7579;4.81318;693850203;69385;203;LYON 5E;LOYASSE - SAINT-JUST;792487.401429929;2087414.00013558;45,7597763;4,8110412;3;204;54;1;0;0;0;2905
5008;134288272;Sainte IrÌ©nÌ©e;Place Sainte IrÌ©nÌ©e;2005-10-30 00:00:00 +0200;2086840.0;792608.0;45.7554;4.81272;693850204;69385;204;LYON 5E;RADISSON - CHOULANS;792999.001429288;2086971.10013536;45,7556486;4,817434;2;38;9;0;0;0;0;1982
5009;134288273;Place Fousseret;angle quai de Bondy;2005-06-27 00:00:00 +0200;2088000.0;793855.0;45.7647;4.82894;693850102;69385;102;LYON 5E;SAINT-JEAN;793791.401428171;2087813.20013565;45,7629954;4,8279559;2;335;139;1;0;3;2;2182
5015;134288279;Fulchiron;Devant le nå¡41 rue de la Quarantaine;2006-06-27 00:00:00 +0200;2086560.0;793336.0;45.752;4.82166;693850104;69385;104;LYON 5E;QUARANTAINE - LES ETROITS;793258.00142896;2086781.10013526;45,7538665;4,820684;4;252;69;2;0;0;0;2450
5016;134288280;Mairie du 5å¡;Devant la mairie du 5å¡;2005-06-24 00:00:00 +0200;2087090.0;791648.0;45.7576;4.80096;693850602;69385;602;LYON 5E;POINT DU JOUR;791560.501431181;2087102.50013552;45,757237;4,799008;2;193;63;1;0;0;0;2204
5026;134288290;Rue de la Baleine;Angle quai Romain Rolland;2005-07-18 00:00:00 +0200;2087860.0;793865.0;45.7635;4.82896;693850102;69385;102;LYON 5E;SAINT-JEAN;793791.401428171;2087813.20013565;45,7629954;4,8279559;2;335;139;1;0;3;2;2182
5029;134288293;Place Gerson;Prox. Quai Pierre Scize;2005-09-21 00:00:00 +0200;2088260.0;793721.0;45.767;4.82698;693850101;69385;101;LYON 5E;SAINT-PAUL;793510.001428514;2088169.40013583;45,7662786;4,8244855;1;280;88;0;1;3;1;2135
5030;134288294;Charcot / RÌ©sidence Unive;Angle rue du fort Ste IrÌ©nÌ©e / Charcot;2005-09-23 00:00:00 +0200;2086920.0;792344.0;45.7548;4.80737;693850402;69385;402;LYON 5E;SAINT-IRENEE;792455.501430037;2086595.00013523;45,7524207;4,8103002;3;140;25;0;0;0;0;2854
5031;134288295;MÌ©nival / Joliot Curie;Rue Joliot Curie;2007-11-01 00:00:00 +0100;2086790.0;790738.0;45.7547;4.78824;693850502;69385;502;LYON 5E;MENIVAL;790803.001432212;2086763.00013543;45,7543972;4,7891408;2;124;22;0;0;0;0;3106
5033;134288297;CÌ©sar Geoffray;;2006-10-17 00:00:00 +0200;2086210.0;790427.0;45.75;4.7841;693850504;69385;504;LYON 5E;LA PLAINE CHARCOT;790192.501433075;2086091.60013519;45,7485308;4,7810302;4;87;14;0;0;0;0;2960
5036;134288300;La Salette;Rue du commandant Charcot;2006-10-14 00:00:00 +0200;2086240.0;791292.0;45.7497;4.79561;693850602;69385;602;LYON 5E;POINT DU JOUR;791560.501431181;2087102.50013552;45,757237;4,799008;3;52;10;0;0;0;0;2093
5040;134288304;Place CrÌ©pu;127 quai Fulchiron;2007-01-31 00:00:00 +0100;2087230.0;793654.0;45.7579;4.82622;693820202;69382;202;LYON 2E;BELLECOUR - A GOURJUS;793906.701428057;2087328.10013544;45,7586005;4,8292396;3;290;86;1;0;0;1;2094
5041;134288305;L Homme de la Roche;55 quai Pierre Scize;2007-09-09 00:00:00 +0200;2088190.0;793154.0;45.7666;4.82001;693850101;69385;101;LYON 5E;SAINT-PAUL;793510.001428514;2088169.40013583;45,7662786;4,8244855;1;280;88;0;1;3;1;2135
5044;134288308;Champvert;85 rue du docteur Locard;2007-10-23 00:00:00 +0200;2087390.0;791335.0;45.7598;4.79662;693850603;69385;603;LYON 5E;LA GARDE;790925.001431996;2087437.80013571;45,7604309;4,7909786;2;193;63;1;0;0;0;2204
5045;134288309;Valdo / Rivet;Rue Jeunet;2007-11-04 00:00:00 +0100;2086320.0;790782.0;45.7505;4.78877;693850502;69385;502;LYON 5E;MENIVAL;790803.001432212;2086763.00013543;45,7543972;4,7891408;3;52;10;0;0;0;0;2093
5047;134288311;AlbÌ©ric Pont;2bis rue du docteur AlbÌ©ric Pont;2007-10-11 00:00:00 +0200;2086700.0;791995.0;45.7534;4.80446;693850404;69385;404;LYON 5E;ALBERIC PONT;791664.501431091;2086511.50013526;45,7518933;4,8001061;3;140;25;0;0;0;0;2854
5049;134288313;LycÌ©e Branly;Rue MÌ¬re Elisabeth Rivet;2007-11-01 00:00:00 +0100;2086640.0;791093.0;45.7533;4.79285;693850502;69385;502;LYON 5E;MENIVAL;790803.001432212;2086763.00013543;45,7543972;4,7891408;2;124;22;0;0;0;0;3106
5050;134288314;ThÌ©Ì¢tres Romains;50 rue de l Antiquaille;2007-10-27 00:00:00 +0200;2087280.0;793258.0;45.7584;4.82108;693850103;69385;103;LYON 5E;SAINT-GEORGES;793555.501428514;2087427.50013551;45,7595944;4,8247683;3;290;86;1;0;0;1;2094
5053;134288317;Saint Just;Face au nå¡8 rue de Trion;2007-10-10 00:00:00 +0200;2087010.0;793110.0;45.7561;4.81931;693850204;69385;204;LYON 5E;RADISSON - CHOULANS;792999.001429288;2086971.10013536;45,7556486;4,817434;4;133;41;0;0;0;0;1766
5054;134288318;Champvert;192 avenue BarthÌ©lÌ©my Buyer;2007-11-04 00:00:00 +0100;2087800.0;791220.0;45.7639;4.79271;693850301;69385;301;LYON 5E;CHAMPVERT SUD;790930.001431968;2087696.80013582;45,7627585;4,7911467;2;123;31;3;0;0;0;2643
5055;134288319;Buyer / Apollinaire;150m ÌÊ l ouest du 101 avenue BarthÌ©lÌ©my Buyer;2007-10-30 00:00:00 +0100;2087680.0;791798.0;45.7618;4.80306;693850302;69385;302;LYON 5E;CHAMPVERT MAIRIE;791890.501430722;2087374.00013561;45,7595853;4,8033567;1;44;10;1;1;0;0;1571
6001;134289265;6001 - GARE DES BROTTÌ»UX;;;2088330.0;796191.0;45.767;4.85885;693860601;69386;601;LYON 6E;JULES FERRY;796202.501424944;2088278.00013567;45,7664833;4,8591239;1;321;122;5;0;1;0;2096
6002;134289266;Porte des Enfants du RhÌ«n;Le long des grill;2005-06-04 00:00:00 +0200;2089430.0;795025.0;45.7774;4.84488;693860104;69386;104;LYON 6E;L'HELVETIE;794938.001426538;2089232.80013618;45,7754327;4,8432684;4;390;105;2;0;0;0;3005
6003;134289267;Avenue Verguin;Devant l entrÌ©e du parc;2005-05-27 00:00:00 +0200;2088970.0;795971.0;45.7729;4.85632;693860304;69386;304;LYON 6E;LES BROTTEAUX;796035.001425131;2088700.00013587;45,7703262;4,8571457;4;555;221;3;0;0;0;2708
6004;134289268;Foch;Angle rue VendÌ«me;2005-05-27 00:00:00 +0200;2088520.0;795069.0;45.7689;4.84476;693860301;69386;301;LYON 6E;MARECHAL LYAUTEY;795034.501426466;2088547.10013587;45,7692392;4,8442274;1;637;227;1;0;2;1;2919
6005;134289269;Place Edgar Quinet;Devant le lycÌ©e;2005-05-27 00:00:00 +0200;2088170.0;795080.0;45.7658;4.84473;693860403;69386;403;LYON 6E;EDGARD QUINET;795177.501426315;2088082.00013567;45,7650159;4,845874;3;682;212;4;0;0;1;1768
6006;134289270;Boulevard des Belges;Boulevard des Belges - Angle rue Duquesne;2005-05-30 00:00:00 +0200;2089010.0;795588.0;45.7733;4.85183;693860103;69386;103;LYON 6E;LES BELGES;795403.101425926;2089195.00013613;45,7749592;4,8492296;2;430;122;6;0;0;0;3727
6007;134289271;MassÌ©na;Angle Cours Vitton;2005-08-08 00:00:00 +0200;2088620.0;795662.0;45.7696;4.85241;693860303;69386;303;LYON 6E;VITTON;795651.001425642;2088658.10013588;45,7700601;4,8521944;3;404;159;2;0;0;1;2807
6008;134289272;Gare des Brotteaux;Place Jules Fer;2007-08-28 00:00:00 +0200;2088460.0;796193.0;45.7684;4.85907;693860601;69386;601;LYON 6E;JULES FERRY;796202.501424944;2088278.00013567;45,7664833;4,8591239;1;321;122;5;0;1;0;2096
6011;134289275;Mairie du 6å¡;Angle rue Boileau;2005-06-15 00:00:00 +0200;2088460.0;795425.0;45.7684;4.8495;693860501;69386;501;LYON 6E;MAIRIE;795563.901425776;2088423.50013578;45,7679756;4,8509788;1;176;46;2;0;1;0;1993
6012;134289276;Place Puvis de Chavannes;Angle rue VendÌ«me;2005-05-27 00:00:00 +0200;2088830.0;795052.0;45.7718;4.84458;693860201;69386;201;LYON 6E;PUVIS DE CHAVANNES;794955.501426558;2088707.10013595;45,7707006;4,8432779;1;292;87;3;0;0;0;2308
6016;134289280;Viabert / Thiers;Angle avenue Thiers;2005-09-19 00:00:00 +0200;2088270.0;796415.0;45.766;4.86209;693860601;69386;601;LYON 6E;JULES FERRY;796202.501424944;2088278.00013567;45,7664833;4,8591239;1;321;122;5;0;1;0;2096
6020;134289284;MusÌ©e Guimet;Angle rue Morellet;2005-08-01 00:00:00 +0200;2089070.0;795461.0;45.7745;4.84838;693860202;69386;202;LYON 6E;MONGOLFIER - LE LYCEE;795682.401425583;2088875.00013597;45,7720014;4,852687;3;206;60;3;0;0;0;2026
6021;134289285;Garibaldi;Entre rue Crillon et rue Sully;2005-09-26 00:00:00 +0200;2088710.0;795475.0;45.7709;4.84997;693860302;69386;302;LYON 6E;KLEBER;795334.401426064;2088613.50013588;45,7697501;4,848108;2;393;134;6;0;1;0;2735
6022;134289286;Place MarÌ©chal Lyautey;Pierre Corneille/cours Franklin Roosevelt;2005-06-09 00:00:00 +0200;2088440.0;794921.0;45.7688;4.84254;693860301;69386;301;LYON 6E;MARECHAL LYAUTEY;795034.501426466;2088547.10013587;45,7692392;4,8442274;1;637;227;1;0;2;1;2919
6023;134289287;Quai Sarail;Niveau rue de SÌ¬ze;2005-06-18 00:00:00 +0200;2088330.0;794775.0;45.7668;4.84114;693860401;69386;401;LYON 6E;MOLIERE;794851.801426737;2088187.50013574;45,766058;4,8417326;1;436;151;0;0;0;0;2448
6024;134289288;Tronchet / Anatole France;Angle bvd Anatole France;2005-05-31 00:00:00 +0200;2088760.0;796125.0;45.7707;4.85678;693860304;69386;304;LYON 6E;LES BROTTEAUX;796035.001425131;2088700.00013587;45,7703262;4,8571457;4;555;221;3;0;0;0;2708
6028;134289292;Recammier / TÌ»te d Or;Angle rue TÌ»te d Or;2005-08-02 00:00:00 +0200;2088040.0;795789.0;45.7644;4.85343;693860503;69386;503;LYON 6E;VAUBAN;795730.001425577;2088172.50013566;45,7656708;4,8530097;3;276;105;5;0;0;0;3181
6031;134289295;Lafayette / Corneille;Angle cours Lafayette;2005-07-27 00:00:00 +0200;2087940.0;795090.0;45.7638;4.84374;693830102;69383;102;LYON 3E;JUSSIEU;794952.001426643;2087716.00013553;45,7617895;4,8428269;3;682;212;4;0;0;1;1768
6032;134289296;PrÌ©fecture / Sarrail;Angle rue Vauban;2005-05-27 00:00:00 +0200;2088050.0;794841.0;45.7648;4.84161;693860401;69386;401;LYON 6E;MOLIERE;794851.801426737;2088187.50013574;45,766058;4,8417326;1;436;151;0;0;0;0;2448
6035;134289299;CitÌ© Internationale;Face parvis du palais des congrÌ¬s;2005-10-27 00:00:00 +0200;2090400.0;795774.0;45.7854;4.85412;693860101;69386;101;LYON 6E;CITE INTERNATIONALE;795269.901426034;2090028.10013649;45,7824888;4,84786;1;269;107;12;0;2;0;506
6036;134289300;MusÌ©e d Art Contemporain;AllÌ©e Achille Lignon;2005-09-29 00:00:00 +0200;2090280.0;795543.0;45.7839;4.85245;693860101;69386;101;LYON 6E;CITE INTERNATIONALE;795269.901426034;2090028.10013649;45,7824888;4,84786;1;269;107;12;0;2;0;506
6037;134289301;CitÌ© Internationale / Int;AllÌ©e Achille Lignon;2005-09-29 00:00:00 +0200;2089870.0;795190.0;45.7823;4.84934;693860101;69386;101;LYON 6E;CITE INTERNATIONALE;795269.901426034;2090028.10013649;45,7824888;4,84786;1;269;107;12;0;2;0;506
6040;134289304;Les Halles;A proximitÌ© de la place de l Europe;2006-10-11 00:00:00 +0200;2087990.0;795486.0;45.7642;4.84987;693860502;69386;502;LYON 6E;L'EUROPE;795463.001425932;2088141.60013568;45,7654698;4,8495666;2;434;137;7;0;0;1;1994
6041;134289305;CitÌ© Internationale / TÌ»t;AllÌ©e Achille Lignon;2007-07-26 00:00:00 +0200;2090420.0;796189.0;45.7846;4.85964;692660401;69266;401;VILLEURBANNE;STALINGRAD;796202.101424848;2089458.50013618;45,7770984;4,8596056;2;7;4;0;0;0;0;0
6042;134289306;CitÌ© Internationale / RÌ©s;AllÌ©e Achille Lignon;2007-09-30 00:00:00 +0200;2090420.0;795966.0;45.7849;4.85561;693860101;69386;101;LYON 6E;CITE INTERNATIONALE;795269.901426034;2090028.10013649;45,7824888;4,84786;1;269;107;12;0;2;0;506
6043;134289307;CitÌ© Internationale / Cin;;;2090330.0;795556.0;45.7847;4.85221;693860101;69386;101;LYON 6E;CITE INTERNATIONALE;795269.901426034;2090028.10013649;45,7824888;4,84786;1;269;107;12;0;2;0;506
6044;134289308;Charmettes / Bellecombe;Angle rue de la Viabert / rue Sainte-GeneviÌ¬v;2007-05-18 00:00:00 +0200;2088280.0;796622.0;45.7664;4.86508;693860702;69386;702;LYON 6E;LES CHARMETTES - LAFAYETTE;796706.501424283;2088213.50013561;45,7657576;4,8655727;2;435;142;7;0;0;1;3805
6045;134289309;Brotteaux / Vauban;44 bd des Brotteaux;2007-09-25 00:00:00 +0200;2088250.0;796009.0;45.7663;4.85683;693860603;69386;603;LYON 6E;J. RECAMIER;795966.001425267;2088149.00013564;45,7653915;4,8560321;3;301;84;2;0;0;0;1925
7001;134290265;Place Gabriel PÌ©ri;Place Gabriel PÌ©ri;2005-05-25 00:00:00 +0200;2086950.0;795037.0;45.7549;4.84374;693830201;69383;201;LYON 3E;MONCEY;795114.501426477;2087116.00013526;45,7563477;4,8446686;1;340;149;1;0;0;0;2814
7002;134290266;UniversitÌ©s Lyon III / Ly;Quai Claude Bernard;2005-09-05 00:00:00 +0200;2086520.0;794458.0;45.7513;4.83635;693870102;69387;102;LYON 7E;UNIVERSITES;794505.901427322;2086627.8001351;45,7521322;4,8366511;2;300;104;4;0;0;1;2773
7003;134290267;Gambetta / Garibaldi;Cours Gambette - Prolongement rue Rachais;2005-05-26 00:00:00 +0200;2086620.0;795765.0;45.7518;4.85253;693830204;69383;204;LYON 3E;SAINT-AMOUR;795669.001425765;2086859.50013511;45,7538819;4,8516862;2;433;133;2;0;0;3;4547
7004;134290268;Mairie du 7Ì¬me;Place Jean MacÌ© - Face ÌÊ la mairie;2005-06-15 00:00:00 +0200;2085980.0;794944.0;45.7462;4.84198;693870203;69387;203;LYON 7E;MAIRIE;794847.901426909;2086140.00013487;45,7476479;4,8408444;3;306;102;1;0;0;0;2327
7005;134290269;Debourg;Avenue Debourg - Angle avenue Jean JaurÌ¬s;2005-05-26 00:00:00 +0200;2084310.0;794316.0;45.7315;4.83328;693870801;69387;801;LYON 7E;MARCEL MERIEUX;794088.401428067;2084247.60013412;45,7308485;4,8303183;3;166;65;3;0;0;0;4591
7006;134290270;Gerland;Avenue Jean JaurÌ¬s - Au niveau du square Galt;2005-05-27 00:00:00 +0200;2083820.0;794142.0;45.7272;4.83104;693870802;69387;802;LYON 7E;TONY GARNIER;793860.401428415;2083683.50013389;45,7258411;4,8271613;2;299;123;15;0;1;2;3144
7007;0;Farge / Ayasse;117 bd Yves farge;2007-09-22 00:00:00 +0200;0.0;0.0;45.7357;4.82769;693870801;69387;801;LYON 7E;MARCEL MERIEUX;794088.401428067;2084247.60013412;45,7308485;4,8303183;1;147;94;9;0;0;0;81
7008;134290272;Jean JaurÌ¬s / GuillotiÌ¬re;Avenue Jean JaurÌ¬s - Angle rue de la Guilloti;2005-08-04 00:00:00 +0200;2086710.0;795253.0;45.7526;4.84634;693870301;69387;301;LYON 7E;VICTOR BACH;795362.701426184;2086684.50013506;45,7523963;4,8476798;1;565;179;2;0;1;0;3355
7009;134290273;Jean JaurÌ¬s;Avenue Jean JaurÌ¬s - Proche mÌ©tro Jean JaurÌ¬s;2005-08-01 00:00:00 +0200;2084970.0;794604.0;45.7378;4.83758;693870702;69387;702;LYON 7E;JEAN JAURES;794629.001427291;2085005.5001344;45,7375091;4,8375692;1;545;238;14;0;0;0;5212
7010;134290274;Centre Berthelot;Rue Pasteur - Angle avenue Berthelot;2005-07-12 00:00:00 +0200;2086090.0;794464.0;45.7474;4.83605;693870103;69387;103;LYON 7E;CENTRE BERTHELOT;794500.301427376;2086047.80013486;45,7469184;4,8363422;3;278;103;1;0;0;0;3055
7011;134290275;Berthelot / Garibaldi;Rue Garibaldi - Angle avenue Berthelot;2005-05-25 00:00:00 +0200;2085720.0;795355.0;45.7437;4.84727;693870402;69387;402;LYON 7E;JEAN MACE;795314.601426316;2085843.00013471;45,7448434;4,8467168;2;322;88;6;1;0;3;5353
7012;134290276;Place des Pavillons;Place des Pavillons - Devant la bibliothÌ¬que;2005-07-24 00:00:00 +0200;2084130.0;794018.0;45.7295;4.82969;693870801;69387;801;LYON 7E;MARCEL MERIEUX;794088.401428067;2084247.60013412;45,7308485;4,8303183;1;147;61;1;0;0;0;2128
7013;134290277;Halle Tony Garnier;Avenue Tony Garnier angle voie nouvelle (100 ;2006-06-02 00:00:00 +0200;2084300.0;793575.0;45.7313;4.82393;693870801;69387;801;LYON 7E;MARCEL MERIEUX;794088.401428067;2084247.60013412;45,7308485;4,8303183;1;147;61;1;0;0;0;2128
7014;134290278;Marseille / FÌ©lissent;Rue Felisse;2005-07-29 00:00:00 +0200;2086690.0;794872.0;45.753;4.84137;693870201;69387;201;LYON 7E;SAINT MICHEL;795001.901426659;2086715.1001351;45,7527751;4,8430579;1;336;103;2;0;0;0;4032
7016;134290280;Place Saint Louis;Rue de la Madeleine - Angle rue St Lazarre;2005-09-15 00:00:00 +0200;2086300.0;795391.0;45.7488;4.84757;693870401;69387;401;LYON 7E;DOMER;795296.601426318;2086110.50013482;45,7472539;4,8465953;2;193;63;0;0;0;0;2169
7018;134290282;LycÌ©e Louise Labbe;;;2085310.0;794176.0;45.7403;4.83211;693870601;69387;601;LYON 7E;YVES FARGES;794348.401427639;2085288.60013455;45,740135;4,8340814;1;545;238;14;0;0;0;5212
7020;134290284;Parc de Gerland;AllÌ©e Pierre de Coubertin;2005-09-19 00:00:00 +0200;2083400.0;793977.0;45.7241;4.82713;693870802;69387;802;LYON 7E;TONY GARNIER;793860.401428415;2083683.50013389;45,7258411;4,8271613;2;299;123;15;0;1;2;3144
7021;134290285;Challemel Lacour / Gerlan;Rue de Gerland - Angle rue Challemel Lacour;2005-09-21 00:00:00 +0200;2084140.0;794688.0;45.7298;4.83813;693870703;69387;703;LYON 7E;CITE - JARDIN;794457.901427589;2084121.50013404;45,7296091;4,8350112;3;166;65;3;0;0;0;4591
7022;134290286;JaurÌ¬s / Lagrange;;2007-04-25 00:00:00 +0200;2085740.0;794891.0;45.744;4.84127;693870203;69387;203;LYON 7E;MAIRIE;794847.901426909;2086140.00013487;45,7476479;4,8408444;3;306;102;1;0;0;0;2327
7023;134290287;Berthelot / Route de Vien;Route de Vienne - Angle avenue Berthelot;2005-09-16 00:00:00 +0200;2085590.0;795628.0;45.7426;4.85051;693870403;69387;403;LYON 7E;ROUTE DE VIENNE;795503.301426091;2085544.50013457;45,742105;4,8490178;3;183;58;1;0;0;0;2701
7024;134290288;Bancel / Chevreul;;2007-06-24 00:00:00 +0200;2086230.0;794815.0;45.7485;4.84056;693870203;69387;203;LYON 7E;MAIRIE;794847.901426909;2086140.00013487;45,7476479;4,8408444;3;306;102;1;0;0;0;2327
7030;134290294;Quartier GÌ©nÌ©ral FrÌ¬re;;;2085630.0;794348.0;45.7432;4.83425;693870601;69387;601;LYON 7E;YVES FARGES;794348.401427639;2085288.60013455;45,740135;4,8340814;1;545;238;14;0;0;0;5212
7031;134290295;JaurÌ¬s / Gerland;Place Jean JaurÌÄ;2007-05-30 00:00:00 +0200;2085260.0;794820.0;45.7399;4.84037;693870702;69387;702;LYON 7E;JEAN JAURES;794629.001427291;2085005.5001344;45,7375091;4,8375692;1;545;238;14;0;0;0;5212
7033;134290297;St Luc / St Joseph;Sur le quai haut;2005-09-22 00:00:00 +0200;2086280.0;794324.0;45.7498;4.83512;693870102;69387;102;LYON 7E;UNIVERSITES;794505.901427322;2086627.8001351;45,7521322;4,8366511;3;278;103;1;0;0;0;3055
7034;134290298;Piscine du RhÌ«ne;Sur le quai devant l entrÌ©e de la piscine;2005-09-22 00:00:00 +0200;2086840.0;794629.0;45.7537;4.83832;693870101;69387;101;LYON 7E;PASTEUR;794756.301426975;2086820.50013517;45,7537932;4,8399463;1;248;83;1;0;2;2;2176
7035;134290299;Marseille / UniversitÌ©;Angle rue de Marseille;2005-05-27 00:00:00 +0200;2086480.0;794724.0;45.7509;4.83936;693870102;69387;102;LYON 7E;UNIVERSITES;794505.901427322;2086627.8001351;45,7521322;4,8366511;2;245;67;0;0;2;0;2941
7038;134290302;Place Stalingrad;Angle Rue de la Guillotiere;2005-09-15 00:00:00 +0200;2086380.0;795767.0;45.7496;4.85299;693870502;69387;502;LYON 7E;STALINGRAD;795621.50142586;2086457.50013495;45,7502808;4,8509108;2;433;133;2;0;0;3;4547
7039;134290303;GuillotiÌ¬re / Madeleine;Angle rue de la Madeleine;2005-07-24 00:00:00 +0200;2086530.0;795389.0;45.751;4.84804;693870502;69387;502;LYON 7E;STALINGRAD;795621.50142586;2086457.50013495;45,7502808;4,8509108;1;565;179;2;0;1;0;3355
7041;134290305;Domer / Chevreul;Rue Domer/angle rue Chevreul;2005-08-30 00:00:00 +0200;2086040.0;795133.0;45.7467;4.84448;693870203;69387;203;LYON 7E;MAIRIE;794847.901426909;2086140.00013487;45,7476479;4,8408444;1;179;56;3;0;0;0;3445
7045;134290309;Parc des Berges;Face au nå¡40 avenue Leclerc;2007-09-21 00:00:00 +0200;2085010.0;793601.0;45.7378;4.82448;693870603;69387;603;LYON 7E;LE RHONE;793795.401428409;2084811.10013438;45,7359991;4,8267854;1;217;127;10;0;0;0;407
7046;134290310;Place de l Ecole;Angle rue de St Cloud;2005-09-20 00:00:00 +0200;2084160.0;793889.0;45.7301;4.82779;693870801;69387;801;LYON 7E;MARCEL MERIEUX;794088.401428067;2084247.60013412;45,7308485;4,8303183;1;147;61;1;0;0;0;2128
7049;134290313;CitÌ© Scolaire Internation;26 avenue Tony Garnier;2006-06-08 00:00:00 +0200;2084000.0;793577.0;45.7283;4.82365;693870802;69387;802;LYON 7E;TONY GARNIER;793860.401428415;2083683.50013389;45,7258411;4,8271613;2;299;123;15;0;1;2;3144
7052;134290316;UniversitÌ© Lyon I;50 avenue Tony Garnier;2006-07-06 00:00:00 +0200;2083780.0;793817.0;45.7267;4.82612;693870802;69387;802;LYON 7E;TONY GARNIER;793860.401428415;2083683.50013389;45,7258411;4,8271613;2;299;123;15;0;1;2;3144
7053;134290317;JaurÌ¬s / ThibaudiÌ¬re;;2006-08-22 00:00:00 +0200;2086460.0;795162.0;45.7503;4.84519;693870302;69387;302;LYON 7E;SAINT-LOUIS;795259.501426345;2086386.60013495;45,7497473;4,846232;2;193;63;0;0;0;0;2169
7055;134290319;Servant / Jaboulay;Face au nå¡30 rue Renan;2006-10-11 00:00:00 +0200;2086060.0;794946.0;45.7468;4.84201;693870203;69387;203;LYON 7E;MAIRIE;794847.901426909;2086140.00013487;45,7476479;4,8408444;3;306;102;1;0;0;0;2327
7056;134290320;Place Raspail;Angle cours Gambetta;2007-04-27 00:00:00 +0200;2087020.0;794775.0;45.7558;4.84069;693870201;69387;201;LYON 7E;SAINT MICHEL;795001.901426659;2086715.1001351;45,7527751;4,8430579;1;248;83;1;0;2;2;2176
7057;134290321;JaurÌ¬s / Bollier;Face au nå¡219 avenue Jean JaurÌ¬s;2007-10-10 00:00:00 +0200;2084680.0;794460.0;45.7347;4.83545;693870702;69387;702;LYON 7E;JEAN JAURES;794629.001427291;2085005.5001344;45,7375091;4,8375692;3;166;65;3;0;0;0;4591
7061;134290325;JaurÌ¬s / UniversitÌ©;;2007-09-09 00:00:00 +0200;2086240.0;795042.0;45.7485;4.84324;693870401;69387;401;LYON 7E;DOMER;795296.601426318;2086110.50013482;45,7472539;4,8465953;3;306;102;1;0;0;0;2327
7062;134290326;Garibaldi / Domer;;2007-10-13 00:00:00 +0200;2086180.0;795689.0;45.7477;4.85159;693870501;69387;501;LYON 7E;JULES BRUNARD;796079.401425262;2086371.10013488;45,7493719;4,8567567;2;433;133;2;0;0;3;4547
7064;134290328;CROUS;Angle rue Chevreul et rue Camille Roy;2007-09-10 00:00:00 +0200;2085910.0;795408.0;45.7454;4.84786;693870402;69387;402;LYON 7E;JEAN MACE;795314.601426316;2085843.00013471;45,7448434;4,8467168;2;322;88;6;1;0;3;5353
8001;134291265;UniversitÌ© Lyon III;Devant entrÌ©e principale de l universitÌ©;2005-06-01 00:00:00 +0200;2086280.0;796447.0;45.7483;4.86149;693880101;69388;101;LYON 8E;JEAN MOULIN;796734.501424427;2086005.50013467;45,7458953;4,8650198;2;166;63;2;0;0;0;3879
8002;134291266;Place Ambroise Courtois;Face au cours Albert Thomas;2005-10-10 00:00:00 +0200;2085950.0;797251.0;45.7453;4.87159;693880201;69388;201;LYON 8E;MONTPLAISIR;797309.501423688;2085749.00013452;45,7434222;4,8722985;1;124;26;1;0;1;0;2957
8003;134291267;Claude Bernard Lyon I;Devant entrÌ©e de la fac;2005-06-18 00:00:00 +0200;2085270.0;798419.0;45.7386;4.88658;693880302;69388;302;LYON 8E;ROCKEFELLER - LA BUIRE;798369.501422328;2085270.50013424;45,7388112;4,8857124;2;207;68;4;0;0;0;3463
8004;134291268;Mairie du 8å¡;Devant la mairie du 8å¡;2005-05-27 00:00:00 +0200;2084850.0;797329.0;45.7352;4.87269;693880404;69388;404;LYON 8E;MAIRIE;797578.001423428;2084594.00013401;45,7329586;4,8752676;1;546;158;2;0;0;1;3078
8006;134291270;Place du 8 mai 1945;Rue Professeur Beauvisage/Angle bd des Etats-;2005-07-05 00:00:00 +0200;2084200.0;797007.0;45.7297;4.86775;693880702;69388;702;LYON 8E;ETATS UNIS;796781.401424489;2084480.00013402;45,7321645;4,8649919;3;52;15;0;0;0;0;2544
8007;134291271;FrÌ¬res LumiÌ¬re;Angle rue Villon;2005-06-29 00:00:00 +0200;2085900.0;796836.0;45.745;4.86643;693880101;69388;101;LYON 8E;JEAN MOULIN;796734.501424427;2086005.50013467;45,7458953;4,8650198;1;228;88;4;0;1;1;3482
8008;134291272;Beauvisage / PressensÌ©;Rue du Professeur Beauvisage;2006-05-09 00:00:00 +0200;2083990.0;796654.0;45.7279;4.86351;693880603;69388;603;LYON 8E;VIVIANI;796937.50142433;2083905.60013376;45,7269543;4,8667589;3;52;15;0;0;0;0;2544
8009;134291273;Jean XXIII / Mermoz;Boulevard Jean XXIII - Angle de la rue Mermoz;2006-06-09 00:00:00 +0200;2084960.0;797147.0;45.7366;4.86991;693880701;69388;701;LYON 8E;LE BOCAGE;797082.501424076;2084667.50013408;45,7337633;4,8689357;1;546;158;2;0;0;1;3078
8010;134291274;Place MendÌ¬s France;;;2085300.0;796315.0;45.74;4.85946;693880802;69388;802;LYON 8E;AUDIBERT - LA VIROTTE;796462.001424871;2084975.50013426;45,7367123;4,8610951;2;112;31;3;0;0;0;3100
8011;134291275;Place Lebret;CÌ«tÌ© route de Vienne;2005-07-05 00:00:00 +0200;2084810.0;795833.0;45.7355;4.85304;693880902;69388;902;LYON 8E;GRAND TROU;795701.701425888;2084818.30013424;45,735518;4,8512673;2;104;30;3;0;0;0;2846
8015;134291279;Boulevard Jean XXIII;Angle bd Jean XXIII et rue Maryse BastiÌ©;2007-09-11 00:00:00 +0200;2085380.0;797439.0;45.7403;4.87418;693880202;69388;202;LYON 8E;LES ALOUETTES - BACHUT;797107.501423982;2085417.50013439;45,7405;4,869567;1;88;19;1;0;0;0;3075
8020;134291284;Moulin ÌÊ Vent;Angle rue du Moulin ÌÊ Vent / route de Vienne;2007-06-17 00:00:00 +0200;2084220.0;795924.0;45.7299;4.85387;693880903;69388;903;LYON 8E;MONTAGNY - SAINT-JEAN DE DIEU;795732.001425917;2083977.20013388;45,7279461;4,8513109;3;110;29;2;0;0;0;3950
8021;134291285;Paul Santy;Place GÌ©nÌ©ral AndrÌ© - Face au 126 avenue Paul;2006-05-10 00:00:00 +0200;2084060.0;797773.0;45.7283;4.87762;693880503;69388;503;LYON 8E;GENERAL ANDRE;797737.901423276;2083871.00013369;45,726411;4,8770207;3;140;39;1;0;0;0;2528
8024;134291288;Mermoz / Michelet;Angle av Michelet;2005-06-27 00:00:00 +0200;2084630.0;797858.0;45.7332;4.87863;693880404;69388;404;LYON 8E;MAIRIE;797578.001423428;2084594.00013401;45,7329586;4,8752676;3;92;13;0;0;0;0;2647
8025;134291289;Santos Dumont / Louis Jou;;2006-04-07 00:00:00 +0200;2085840.0;796440.0;45.7445;4.86099;693880102;69388;102;LYON 8E;COLBERT;796458.401424808;2085806.20013461;45,744183;4,8613916;2;110;21;1;0;0;0;3980
8029;134291293;8029 - ETATS UNIS LEVIGNE;;;2084460.0;796792.0;45.7323;4.86494;693880702;69388;702;LYON 8E;ETATS UNIS;796781.401424489;2084480.00013402;45,7321645;4,8649919;2;119;46;2;0;0;0;3141
8030;134291294;LaÌÇnnec;Angle rue Nungesser et Coli;2005-06-28 00:00:00 +0200;2085610.0;797826.0;45.7414;4.87973;693880301;69388;301;LYON 8E;LAENNEC;797768.501423113;2085374.50013433;45,7399214;4,8780377;1;88;19;1;0;0;0;3075
8034;134291298;Berthelot / Villon;Angle avenue Berthelot;2005-05-25 00:00:00 +0200;2085160.0;796584.0;45.7383;4.86276;693880802;69388;802;LYON 8E;AUDIBERT - LA VIROTTE;796462.001424871;2084975.50013426;45,7367123;4,8610951;2;112;31;3;0;0;0;3100
8035;134291299;Sans Souci;Rue Edouard Rochet;2006-08-16 00:00:00 +0200;2086150.0;796745.0;45.7473;4.86528;693880101;69388;101;LYON 8E;JEAN MOULIN;796734.501424427;2086005.50013467;45,7458953;4,8650198;1;228;88;4;0;1;1;3482
8037;134291301;Cazeneuve;Rue Paul Cazeneuve - Angle du boulevard des E;2006-05-25 00:00:00 +0200;2084770.0;796665.0;45.7347;4.86381;693880702;69388;702;LYON 8E;ETATS UNIS;796781.401424489;2084480.00013402;45,7321645;4,8649919;2;112;31;3;0;0;0;3100
8038;134291302;Albert Thomas / Villon;Angle rue Villon;2005-07-01 00:00:00 +0200;2086110.0;796899.0;45.7468;4.86728;693880101;69388;101;LYON 8E;JEAN MOULIN;796734.501424427;2086005.50013467;45,7458953;4,8650198;1;228;88;4;0;1;1;3482
8039;134291303;Pierre Delore;Angle rue Pierre Delore / route de Vienne;2006-06-05 00:00:00 +0200;2085180.0;795765.0;45.7387;4.85228;693880902;69388;902;LYON 8E;GRAND TROU;795701.701425888;2084818.30013424;45,735518;4,8512673;2;104;30;3;0;0;0;2846
8040;134291304;Ambroise ParÌ©;Face au 54 Boulevard Ambroise ParÌ©;2006-05-23 00:00:00 +0200;2084980.0;798218.0;45.7362;4.88373;693880302;69388;302;LYON 8E;ROCKEFELLER - LA BUIRE;798369.501422328;2085270.50013424;45,7388112;4,8857124;2;207;68;4;0;0;0;3463
8041;134291305;Pinel;Bd pin;2007-10-10 00:00:00 +0200;2083660.0;797262.0;45.7294;4.8866;693880502;69388;502;LYON 8E;LA PLAINE;798072.001422856;2083625.50013356;45,7241063;4,8812081;2;76;13;0;0;0;0;3503
8042;134291306;Francis de PressensÌ©;Avenue Francis de PressensÌ© angle rue Paul Ca;2006-06-14 00:00:00 +0200;2084390.0;796358.0;45.7315;4.86026;693880801;69388;801;LYON 8E;MOULIN A VENT;796417.601424977;2084395.50013401;45,7315098;4,8602858;1;82;16;1;0;0;0;2585
8051;134291315;HÌ«pital St Jean de Dieu;313 route de Vienne;2007-06-17 00:00:00 +0200;2083470.0;795973.0;45.7243;4.85415;693880903;69388;903;LYON 8E;MONTAGNY - SAINT-JEAN DE DIEU;795732.001425917;2083977.20013388;45,7279461;4,8513109;3;110;29;2;0;0;0;3950
8052;134291316;Clinique Monplaisir;2 avenue des FrÌ¬res LumiÌ¬re;2007-10-10 00:00:00 +0200;2086100.0;796301.0;45.7466;4.86112;693880102;69388;102;LYON 8E;COLBERT;796458.401424808;2085806.20013461;45,744183;4,8613916;2;110;21;1;0;0;0;3980
8053;134291317;LumiÌ¬re / Trouilhet;;2007-09-22 00:00:00 +0200;2085740.0;797134.0;45.7435;4.87008;693880201;69388;201;LYON 8E;MONTPLAISIR;797309.501423688;2085749.00013452;45,7434222;4,8722985;2;183;63;2;0;0;1;5254
8054;134291318;MartiniÌ¬re Monplaisir;34 rue Antoine LumiÌ¬re;2007-09-11 00:00:00 +0200;2085440.0;796988.0;45.7409;4.8682;693880202;69388;202;LYON 8E;LES ALOUETTES - BACHUT;797107.501423982;2085417.50013439;45,7405;4,869567;2;183;63;2;0;0;1;5254
8056;134291320;Delore / Audibert et Lavi;69 rue Audibert et Lavirotte;2007-10-12 00:00:00 +0200;2084850.0;796117.0;45.7358;4.85681;693880901;69388;901;LYON 8E;PETITE GUILLE;796060.501425416;2084794.6001342;45,7352015;4,8558649;1;138;42;0;0;0;0;3210
8057;134291321;Vienne / Montagny;184 route de Vienne;2007-10-13 00:00:00 +0200;2084480.0;795869.0;45.7324;4.85342;693880902;69388;902;LYON 8E;GRAND TROU;795701.701425888;2084818.30013424;45,735518;4,8512673;1;138;42;0;0;0;0;3210
8058;134291322;Longefer / KrÌ_ger;10 rue KrÌ_ger;2007-10-29 00:00:00 +0100;2085230.0;797758.0;45.7383;4.87838;693880303;69388;303;LYON 8E;BATAILLE;797679.001423262;2084996.00013417;45,736544;4,8767313;1;88;19;1;0;0;0;3075
8059;134291323;LaÌÇnnec / Pinel;rue Guillaume Paradin angle Pinel;2007-09-21 00:00:00 +0200;2084900.0;798677.0;45.7354;4.88958;693880302;69388;302;LYON 8E;ROCKEFELLER - LA BUIRE;798369.501422328;2085270.50013424;45,7388112;4,8857124;2;207;68;4;0;0;0;3463
8060;134291324;Santy / Beauvisage;Face au nå¡9 rue Pierre Verger;2007-09-21 00:00:00 +0200;2084430.0;797498.0;45.7317;4.87413;693880404;69388;404;LYON 8E;MAIRIE;797578.001423428;2084594.00013401;45,7329586;4,8752676;4;154;66;5;0;0;0;3734
8061;134291325;Stade Vuillermet;184 avenue Paul Santy;2007-09-23 00:00:00 +0200;2083800.0;798074.0;45.7253;4.88142;693880501;69388;501;LYON 8E;PINEL SANTY;798258.001422605;2083684.50013357;45,7245827;4,8836205;2;59;9;0;0;0;0;1759
9002;134292266;Mairie du 9å¡;Prox. mÌ©tro Valmy;2005-07-06 00:00:00 +0200;2089000.0;792014.0;45.7742;4.80562;693890303;69389;303;LYON 9E;MAIRIE;791978.501430482;2088905.50013626;45,773332;4,8051051;3;374;134;3;0;1;0;2714
9003;134292267;Place Valmy;Rue Roquette / angle rue de Bourgogne;2005-07-04 00:00:00 +0200;2089170.0;792008.0;45.7756;4.80532;693890303;69389;303;LYON 9E;MAIRIE;791978.501430482;2088905.50013626;45,773332;4,8051051;1;405;141;2;0;0;1;3525
9004;134292268;Gare de Vaise;Face entrÌ©e de la gare;2005-05-27 00:00:00 +0200;2089720.0;791948.0;45.7799;4.8047;693890301;69389;301;LYON 9E;SALENGRO;792018.60143039;2089387.40013645;45,7776541;4,8058149;3;143;60;2;1;0;0;2867
9006;134292270;ThÌ©Ì¢tre nouvelle GÌ©nÌ©rati;Rue Tissot / angle rue de Bourgogne;2005-05-26 00:00:00 +0200;2089150.0;791718.0;45.7772;4.80335;693890301;69389;301;LYON 9E;SALENGRO;792018.60143039;2089387.40013645;45,7776541;4,8058149;3;374;134;3;0;1;0;2714
9008;134292272;L Ì¨le Barbe;;2007-06-03 00:00:00 +0200;2091620.0;793715.0;45.7974;4.82908;693890201;69389;201;LYON 9E;L'INDUSTRIE - LE BOURG;792883.00142912;2090926.60013704;45,79125;4,8175477;2;118;22;1;0;0;0;2292
9010;134292274;Piscine de Vaise;En face du nå¡37 avenue Sidoine Apollinaire;2006-06-16 00:00:00 +0200;2088640.0;791314.0;45.7709;4.79654;693890403;69389;403;LYON 9E;LE BEAL - GORGE DE LOUP;791400.00143128;2088507.50013613;45,7699163;4,7975112;3;418;186;9;0;1;0;4055
9011;134292275;Conservatoire;Quai Chauveau / angle Pont Koenig;2005-05-26 00:00:00 +0200;2088530.0;792579.0;45.7698;4.81267;693890402;69389;402;LYON 9E;ARLOING - L'OBSERVANCE;792522.301429797;2088473.50013603;45,7692936;4,8119182;2;334;92;0;0;0;3;2151
9013;134292277;Quai Paul SÌ©dallian;Angle rue de la Navigation;2005-09-25 00:00:00 +0200;2090540.0;792666.0;45.7874;4.81437;693890201;69389;201;LYON 9E;L'INDUSTRIE - LE BOURG;792883.00142912;2090926.60013704;45,79125;4,8175477;1;429;174;27;0;1;1;3151
9014;134292278;Quai du Commerce;Angle rue Emile Duport;2005-09-06 00:00:00 +0200;2090120.0;792501.0;45.7843;4.81214;693890202;69389;202;LYON 9E;LA GARE D'EAU;792264.901430031;2089791.00013661;45,7812137;4,8091433;1;181;29;2;0;1;1;2751
9020;134292284;Bourbonnais;Angle rue Horand / rue Masset;2005-06-17 00:00:00 +0200;2089020.0;791680.0;45.7735;4.80035;693890303;69389;303;LYON 9E;MAIRIE;791978.501430482;2088905.50013626;45,773332;4,8051051;3;374;134;3;0;1;0;2714
9022;134292286;Rue Masaryk / Saint Cyr;Angle rue Chinard/rue St Cyr;2005-05-26 00:00:00 +0200;2089490.0;792109.0;45.7786;4.80704;693890301;69389;301;LYON 9E;SALENGRO;792018.60143039;2089387.40013645;45,7776541;4,8058149;1;405;141;2;0;0;1;3525
9029;134292293;Saint Pierre de Vaise;Place Vanderpol/Angle St Pierre de Vaise;2005-07-30 00:00:00 +0200;2088850.0;792209.0;45.7731;4.80781;693890303;69389;303;LYON 9E;MAIRIE;791978.501430482;2088905.50013626;45,773332;4,8051051;3;374;134;3;0;1;0;2714
9032;134292296;Place du Port Mouton;Quai Arloi;2005-06-20 00:00:00 +0200;2089060.0;792259.0;45.7738;4.8095;693890303;69389;303;LYON 9E;MAIRIE;791978.501430482;2088905.50013626;45,773332;4,8051051;3;374;134;3;0;1;0;2714
9033;134292297;Gorge de Loup;;2006-06-20 00:00:00 +0200;2088420.0;791565.0;45.7674;4.80564;693890401;69389;401;LYON 9E;SAINT PIERRE DE VAISE;791973.401430549;2088154.10013593;45,7665767;4,8047364;3;418;186;9;0;1;0;4055
9040;134292304;Place Rodiaceta;53 rue Chapeau Rouge;2007-10-27 00:00:00 +0200;2088650.0;792189.0;45.771;4.80761;693890303;69389;303;LYON 9E;MAIRIE;791978.501430482;2088905.50013626;45,773332;4,8051051;3;374;134;3;0;1;0;2714
9041;134292305;Carret / SÌ©dallian;30 quai Paul SÌ©dallian;2007-11-08 00:00:00 +0100;2091100.0;793140.0;45.7926;4.82063;693890201;69389;201;LYON 9E;L'INDUSTRIE - LE BOURG;792883.00142912;2090926.60013704;45,79125;4,8175477;1;429;174;27;0;1;1;3151
9042;134292306;Clinique Saint Louis;92 rue du Bourbonnais;2007-10-31 00:00:00 +0100;2090390.0;792420.0;45.7737;4.79542;693890203;69389;203;LYON 9E;ROCHECARDON - GARE DE VAISE;791875.501430527;2090032.70013674;45,7834972;4,8042363;1;181;29;2;0;1;1;2751
9043;134292307;Marietton Ouest;78 rue Marietton;2007-10-26 00:00:00 +0200;2089210.0;791559.0;45.7761;4.79971;693890303;69389;303;LYON 9E;MAIRIE;791978.501430482;2088905.50013626;45,773332;4,8051051;2;356;165;4;0;0;1;2975
9044;134292308;Masset / Saint Pierre de;Rue Saint Pierre de Vaise;2007-10-25 00:00:00 +0200;2088580.0;791663.0;45.7705;4.8009;693890403;69389;403;LYON 9E;LE BEAL - GORGE DE LOUP;791400.00143128;2088507.50013613;45,7699163;4,7975112;3;418;186;9;0;1;0;4055
9049;134292313;Sergent Berthet / Gorge d;6 rue Gorge de Loup;2007-10-30 00:00:00 +0100;2088540.0;792012.0;45.7701;4.80515;693890303;69389;303;LYON 9E;MAIRIE;791978.501430482;2088905.50013626;45,773332;4,8051051;3;374;134;3;0;1;0;2714
9050;134292314;9050 - ALLEE DE LEUROPE;;;2090020.0;791108.0;45.7547;4.84094;693890302;69389;302;LYON 9E;SAINT SIMON - MARIETTON;791441.501431141;2089551.00013657;45,779288;4,7984644;3;56;8;0;0;0;1;1499
9051;134292315;9051 - ANDREI SAKHAROV;;;2090320.0;791330.0;45.7865;4.7969;693890104;69389;104;LYON 9E;BALMONT EST;791591.001430857;2090607.00013701;45,7887417;4,8008112;1;52;20;0;0;0;0;1285
9052;134292316;Balmont;332 bd de Balmont;2007-11-02 00:00:00 +0100;2090640.0;791500.0;45.7893;4.79916;693890104;69389;104;LYON 9E;BALMONT EST;791591.001430857;2090607.00013701;45,7887417;4,8008112;4;69;7;0;0;0;0;1503
10001;134293265;IUT Feyssine;;;2090520.0;797939.0;45.7856;4.88241;692660601;69266;601;VILLEURBANNE;EINSTEIN SALENGRO;798188.50142217;2090104.0001363;45,7823263;4,8854009;1;81;47;5;0;0;0;2520
10002;134293266;INSA;Avenue Albert Einstein au niveau du virage;2005-07-20 00:00:00 +0200;2090080.0;797524.0;45.7822;4.87688;692660502;69266;502;VILLEURBANNE;CROIX LUIZET EST;797796.001422714;2089797.5001362;45,7796846;4,8802291;1;97;36;1;0;0;0;3794
10004;134293268;Tonkin;Rue Salvador Allende / Angle promenade du Lys;2005-06-01 00:00:00 +0200;2089370.0;796421.0;45.7762;4.86264;692660402;69266;402;VILLEURBANNE;TONKIN OUEST;796331.301424678;2089449.50013616;45,7769802;4,8612622;2;93;29;1;0;1;0;2273
10005;134293269;Boulevard du 11 novembre;Face EntrÌ©e du Parc de la TÌ»te d Or;2005-06-03 00:00:00 +0200;2089730.0;796252.0;45.7797;4.85987;692660401;69266;401;VILLEURBANNE;STALINGRAD;796202.101424848;2089458.50013618;45,7770984;4,8596056;1;248;103;17;0;0;0;0
10006;134293270;Charpennes;Place Charles Hernu / cÌ«tÌ© sud;2005-09-14 00:00:00 +0200;2088720.0;796478.0;45.7702;4.86313;693860701;69386;701;LYON 6E;BELLECOMBE - THIERS;796453.501424587;2088580.10013579;45,7691272;4,8624735;1;366;145;11;0;0;0;2886
10007;134293271;Piaton / Condorcet;Av Piaton / angle Condorcet;2005-05-31 00:00:00 +0200;2089160.0;796798.0;45.7742;4.8675;692660302;69266;302;VILLEURBANNE;ESPACE CENTRAL;796718.501424188;2089174.50013602;45,7743954;4,8661242;2;161;29;1;0;0;0;3248
10008;134293272;Salengro / Vaillant;Rue Roger Salengro - Angle rue Vaillant;2006-06-19 00:00:00 +0200;2089660.0;797752.0;45.7787;4.87943;692660502;69266;502;VILLEURBANNE;CROIX LUIZET EST;797796.001422714;2089797.5001362;45,7796846;4,8802291;2;100;29;0;0;0;1;2645
10011;134293275;Gratte Ciel;;2006-05-23 00:00:00 +0200;2088660.0;797915.0;45.7692;4.88058;692661001;69266;1001;VILLEURBANNE;ZOLA PRESSENCE OUEST;797759.901422845;2088783.50013578;45,7705773;4,8793436;1;194;90;2;0;1;0;2412
10012;134293276;Zola / France;Rue de France/Angle Cours Emile Zola;2005-05-31 00:00:00 +0200;2088500.0;798368.0;45.768;4.88722;692661401;69266;1401;VILLEURBANNE;DROIT DE L'HOMME;798364.401422081;2088361.60013555;45,7666075;4,8869349;1;59;11;0;0;0;0;1688
10013;134293277;Cusset;;2006-05-24 00:00:00 +0200;2088350.0;799398.0;45.765;4.90113;692661702;69266;1702;VILLEURBANNE;REGUILLON;799305.401420868;2087993.50013533;45,7630223;4,8988707;2;134;39;0;0;0;0;3145
10014;134293278;Gare Laurent Bonnevay;;;2088210.0;800141.0;45.7651;4.90981;692661704;69266;1704;VILLEURBANNE;FAYS EST;799971.501420005;2087807.1001352;45,7611506;4,9073498;2;208;69;0;0;0;0;3405
10016;134293280;Place de la Paix;En face du nå¡10 place de la Paix;2007-09-26 00:00:00 +0200;2086820.0;800571.0;45.7521;4.91464;692661803;69266;1803;VILLEURBANNE;LES BROSSES;800481.501419406;2086913.50013478;45,7529654;4,9135252;3;135;52;4;0;0;0;2546
10018;134293282;TolstoÌø / Florian;Rue Florian/Angle Cours TolstoÌø;2005-06-02 00:00:00 +0200;2087830.0;797883.0;45.7617;4.88073;692661205;69266;1205;VILLEURBANNE;TOLSTOI NORD;797805.501422853;2087937.10013542;45,7629533;4,8795776;5;345;113;2;0;0;0;4447
10021;134293285;GrandclÌ©ment;Angle cours TolstoÌø;2005-10-25 00:00:00 +0200;2087610.0;798615.0;45.7597;4.88986;692661503;69266;1503;VILLEURBANNE;GRAND CLEMENT;798472.901422013;2087437.00013515;45,7582619;4,8879433;3;231;76;4;0;0;0;2562
10024;134293288;Maisons Neuves;Place des Maisons Neuves/CÌ«tÌ© rue Jean JaurÌ¬s;2005-06-09 00:00:00 +0200;2087200.0;797733.0;45.756;4.87734;692661303;69266;1303;VILLEURBANNE;MAISONS NEUVES;797890.001422798;2087250.50013511;45,7567549;4,8803777;3;230;58;1;0;0;0;5207
10025;134293289;Totem;;2006-10-08 00:00:00 +0200;2088000.0;797342.0;45.7636;4.87331;692661202;69266;1202;VILLEURBANNE;ALBERT THOMAS;797247.401423569;2088204.00013557;45,7655154;4,8725182;2;209;86;1;0;0;0;1962
10027;134293291;Mairie de Villeurbanne;Avenue Aristide Bria;2005-06-09 00:00:00 +0200;2088360.0;797820.0;45.7669;4.87997;692661204;69266;1204;VILLEURBANNE;GRATTE CIEL EST;797755.301422882;2088397.50013561;45,7671078;4,879124;4;382;169;1;0;0;0;3607
10028;134293292;Ecole de musique;Cours de la RÌ©publique/Angle Anatole France;2005-06-16 00:00:00 +0200;2088430.0;797346.0;45.7675;4.87396;692661201;69266;1201;VILLEURBANNE;REPUBLIQUE;797344.00142341;2088580.50013572;45,7688729;4,8739154;1;288;69;2;0;0;0;4882
10030;134293294;Greuze;;2006-10-13 00:00:00 +0200;2089190.0;798865.0;45.774;4.89382;692660703;69266;703;VILLEURBANNE;BUERS SUD;798750.001421506;2089153.50013586;45,7736155;4,8922199;3;101;32;0;0;0;0;2339
10031;134293295;10031 - CROIX LUIZET;;;2089900.0;798036.0;45.7806;4.88324;692660502;69266;502;VILLEURBANNE;CROIX LUIZET EST;797796.001422714;2089797.5001362;45,7796846;4,8802291;1;160;62;5;0;0;0;2445
10032;134293296;Primat / Decorps;Rue Antoine Primat/Angle rue Decorps;2005-09-27 00:00:00 +0200;2087350.0;799411.0;45.7582;4.8986;692661501;69266;1501;VILLEURBANNE;GRAND CLEMENT - BLUM;799085.501421199;2087507.60013513;45,7587176;4,8958423;3;215;86;2;0;0;0;3204
10034;134293298;Docteur Damidot;Devant la MJC;2005-05-30 00:00:00 +0200;2087830.0;798321.0;45.7618;4.88615;692661402;69266;1402;VILLEURBANNE;DAMINO;798376.501422103;2087885.00013535;45,7623184;4,8868917;2;98;26;1;0;0;0;3003
10035;134293299;Boiron GrangÌ©;;2006-10-27 00:00:00 +0200;2088140.0;799436.0;45.763;4.9004;692661702;69266;1702;VILLEURBANNE;REGUILLON;799305.401420868;2087993.50013533;45,7630223;4,8988707;2;134;39;0;0;0;0;3145
10036;134293300;Stalingrad;Boulevard Stalingrad/angle rue Charlie Chapli;2005-06-23 00:00:00 +0200;2089160.0;796161.0;45.7743;4.85908;692660401;69266;401;VILLEURBANNE;STALINGRAD;796202.101424848;2089458.50013618;45,7770984;4,8596056;1;248;103;17;0;0;0;0
10038;134293302;Condorcet;Bvd 11 Nov./prox. arret tram Condorcet;2005-10-08 00:00:00 +0200;2089690.0;796646.0;45.7791;4.86653;692660403;69266;403;VILLEURBANNE;TONKIN NORD;796608.001424308;2089495.50013616;45,7773138;4,8648369;3;163;42;2;0;0;0;2187
10039;134293303;Bouvier;Rue Professeur Bouvier/Angle rue du 8 mai 194;2005-06-13 00:00:00 +0200;2089790.0;798666.0;45.7795;4.8915;692660702;69266;702;VILLEURBANNE;BUERS NORD;798522.101421758;2089748.70013613;45,7790341;4,8895399;2;125;36;1;0;1;0;3612
10041;134293305;Kimmerling;;2006-06-21 00:00:00 +0200;2086870.0;799343.0;45.753;4.89886;692661502;69266;1502;VILLEURBANNE;GENAS;798920.001421448;2087132.00013499;45,7553887;4,8935593;2;213;85;3;0;0;0;3993
10043;134293307;Salengro / Feyssine;;2006-06-08 00:00:00 +0200;2090190.0;798586.0;45.783;4.89058;692660601;69266;601;VILLEURBANNE;EINSTEIN SALENGRO;798188.50142217;2090104.0001363;45,7823263;4,8854009;1;160;62;5;0;0;0;2445
10046;134293310;Charmettes/Zola;Rue des Charmettes/Angle Cours Emile Zola;2005-05-28 00:00:00 +0200;2088760.0;796794.0;45.7708;4.86715;692660102;69266;102;VILLEURBANNE;CHARLES HERNU;796723.501424212;2088804.10013586;45,7710633;4,8660353;2;462;160;6;0;1;1;5273
10047;134293311;Lherminier/PressensÌ©;Avenue du Cdt Lherminier/Angle rue F. de Pres;2005-06-01 00:00:00 +0200;2088860.0;798182.0;45.7712;4.88499;692660903;69266;903;VILLEURBANNE;CHATEAU GAILLARD;798257.401422161;2089109.10013588;45,7733601;4,8858716;2;126;31;2;0;0;0;2669
10048;134293312;Place Marengo;;2006-06-30 00:00:00 +0200;2087520.0;797511.0;45.7593;4.87589;693830405;69383;405;LYON 3E;SAINTE-ANNE DE BARABAN;797241.501423636;2087478.50013526;45,7589935;4,8721417;5;145;41;5;0;0;0;3828
10049;134293313;PressensÌ©;Rue Francis de PressensÌ©/angle 8 mai 1945;2005-09-27 00:00:00 +0200;2088680.0;799113.0;45.7692;4.89672;692661601;69266;1601;VILLEURBANNE;CUSSET OUEST;798902.001421348;2088638.50013563;45,7689402;4,8939577;1;200;68;3;0;0;0;3116
10053;134293317;Rosselini / 11 Novembre;;2006-10-16 00:00:00 +0200;2089690.0;796406.0;45.7794;4.8629;692660403;69266;403;VILLEURBANNE;TONKIN NORD;796608.001424308;2089495.50013616;45,7773138;4,8648369;2;93;29;1;0;1;0;2273
10054;134293318;Stalingrad / MeliÌ¬s;;2006-06-13 00:00:00 +0200;2089410.0;796178.0;45.7767;4.85952;692660401;69266;401;VILLEURBANNE;STALINGRAD;796202.101424848;2089458.50013618;45,7770984;4,8596056;1;248;103;17;0;0;0;0
10055;134293319;Condorcet / Galline;Avenue Galline/angle av. de Condorcet;2005-06-02 00:00:00 +0200;2089400.0;796785.0;45.7765;4.86711;692660403;69266;403;VILLEURBANNE;TONKIN NORD;796608.001424308;2089495.50013616;45,7773138;4,8648369;3;163;42;2;0;0;0;2187
10056;134293320;11 novembre / Gaston Berg;Avenue du 11 Nov./angle av Gaston Berger;2005-05-30 00:00:00 +0200;2089710.0;797155.0;45.7791;4.87195;692660202;69266;202;VILLEURBANNE;ONZE NOVEMBRE;797072.001423688;2089576.50013616;45,7779078;4,8708332;2;276;114;5;0;1;0;3130
10058;134293322;MÌ©tro Flachet;;2006-07-23 00:00:00 +0200;2088410.0;798766.0;45.7671;4.89215;692661404;69266;1404;VILLEURBANNE;PIERRE CACARD;798899.501421378;2088313.60013549;45,7660195;4,8937898;4;117;31;1;0;0;0;2469
10059;134293323;Anatole France / Zola;Rue Anatole France;2005-05-28 00:00:00 +0200;2088610.0;798148.0;45.7689;4.88424;692661002;69266;1002;VILLEURBANNE;ZOLA PRESSENCE EST;798253.501422201;2088679.10013569;45,7694948;4,8856423;2;126;31;2;0;0;0;2669
10060;134293324;Saint ExupÌ©ry;Avenue Antoine Saint Exupery;2005-07-19 00:00:00 +0200;2087460.0;797792.0;45.7588;4.87897;692661302;69266;1302;VILLEURBANNE;FERRANDIERE;797814.001422872;2087576.60013526;45,7597092;4,879537;2;144;28;1;0;0;0;3690
10061;134293325;RÌ©publique;Cours Emile Zola/Angle cours de la RÌ©publique;2005-10-06 00:00:00 +0200;2088780.0;797321.0;45.7708;4.87296;692661201;69266;1201;VILLEURBANNE;REPUBLIQUE;797344.00142341;2088580.50013572;45,7688729;4,8739154;1;288;69;2;0;0;0;4882
10063;134293327;Perrin / Jean JaurÌ¬s;;2006-07-07 00:00:00 +0200;2087440.0;798266.0;45.7584;4.88549;692661503;69266;1503;VILLEURBANNE;GRAND CLEMENT;798472.901422013;2087437.00013515;45,7582619;4,8879433;3;231;76;4;0;0;0;2562
10064;134293328;4 AoÌ_t 1789;Angle Rue Rollet/Blanqui;2005-06-01 00:00:00 +0200;2088150.0;798046.0;45.7648;4.88432;692661204;69266;1204;VILLEURBANNE;GRATTE CIEL EST;797755.301422882;2088397.50013561;45,7671078;4,879124;1;191;45;1;0;0;0;4514
10070;134293334;Stade Cyprian;;2006-08-05 00:00:00 +0200;2086820.0;799506.0;45.7523;4.90142;692661502;69266;1502;VILLEURBANNE;GENAS;798920.001421448;2087132.00013499;45,7553887;4,8935593;2;213;85;3;0;0;0;3993
10071;134293335;LycÌ©e Marie Curie;;2006-07-16 00:00:00 +0200;2087720.0;799121.0;45.7616;4.89645;692661702;69266;1702;VILLEURBANNE;REGUILLON;799305.401420868;2087993.50013533;45,7630223;4,8988707;1;307;109;4;0;0;0;4118
10072;134293336;Jacques Brel;Rue Jacques Brel/angle rue Korel;2005-09-20 00:00:00 +0200;2089160.0;796569.0;45.7741;4.86401;692660302;69266;302;VILLEURBANNE;ESPACE CENTRAL;796718.501424188;2089174.50013602;45,7743954;4,8661242;2;161;29;1;0;0;0;3248
10073;134293337;Institut d Art Contempora;Rue Docteur Dolard / Angle rue 4 Septembre;2005-10-26 00:00:00 +0200;2087790.0;797225.0;45.7615;4.87246;692661301;69266;1301;VILLEURBANNE;TOLSTOI SUD;797326.801423502;2087745.00013536;45,7613651;4,873348;1;236;72;1;0;0;0;4574
10074;134293338;Zola / passage Rey;Cours E. Zola / Angle passage Rey;2005-10-07 00:00:00 +0200;2088730.0;797513.0;45.7701;4.87695;692661001;69266;1001;VILLEURBANNE;ZOLA PRESSENCE OUEST;797759.901422845;2088783.50013578;45,7705773;4,8793436;1;288;69;2;0;0;0;4882
10075;134293339;Gabriel PÌ©ri;Angle cours AndrÌ© Philip;2005-06-29 00:00:00 +0200;2088950.0;796682.0;45.7723;4.8657;692660102;69266;102;VILLEURBANNE;CHARLES HERNU;796723.501424212;2088804.10013586;45,7710633;4,8660353;2;462;160;6;0;1;1;5273
10079;134293343;Anatole France / Barbusse;Rue Anatole France/Angle av Barbusse;2005-06-01 00:00:00 +0200;2088520.0;797761.0;45.7681;4.87916;692661204;69266;1204;VILLEURBANNE;GRATTE CIEL EST;797755.301422882;2088397.50013561;45,7671078;4,879124;4;382;169;1;0;0;0;3607
10080;134293344;Vaillant / Perroncel;;2006-07-28 00:00:00 +0200;2089320.0;797811.0;45.7754;4.88029;692660902;69266;902;VILLEURBANNE;LES POULETTES;797727.001422861;2089109.10013592;45,7735147;4,8790562;1;74;25;2;0;0;1;2024
10083;134293347;ChÌ¢teau Gaillard / Bienve;;2006-09-09 00:00:00 +0200;2088350.0;799199.0;45.7778;4.88398;692661601;69266;1601;VILLEURBANNE;CUSSET OUEST;798902.001421348;2088638.50013563;45,7689402;4,8939577;4;117;31;1;0;0;0;2469
10084;134293348;La Doua / avenue des Arts;;;2090210.0;797136.0;45.7836;4.87167;692660202;69266;202;VILLEURBANNE;ONZE NOVEMBRE;797072.001423688;2089576.50013616;45,7779078;4,8708332;1;81;47;5;0;0;0;2520
10086;134293350;Anatole France;Angle Rue de PrÌ©ssensÌ© / Flachet;2005-06-05 00:00:00 +0200;2088720.0;798548.0;45.7698;4.88952;692661002;69266;1002;VILLEURBANNE;ZOLA PRESSENCE EST;798253.501422201;2088679.10013569;45,7694948;4,8856423;2;126;31;2;0;0;0;2669
10087;134293351;Baratin;Face au 115 rue Pierre Baratin;2006-06-30 00:00:00 +0200;2087720.0;799436.0;45.7605;4.90067;692661702;69266;1702;VILLEURBANNE;REGUILLON;799305.401420868;2087993.50013533;45,7630223;4,8988707;2;134;39;0;0;0;0;3145
10088;134293352;4 aoÌ_t 1789 / PressensÌ©;;2006-06-28 00:00:00 +0200;2088350.0;799199.0;45.7662;4.89787;692661404;69266;1404;VILLEURBANNE;PIERRE CACARD;798899.501421378;2088313.60013549;45,7660195;4,8937898;4;117;31;1;0;0;0;2469
10089;134293353;Colin / Ottavi;Rue Colin - Angle rue Ottavi;2006-05-25 00:00:00 +0200;2089070.0;797340.0;45.7731;4.87425;692660103;69266;103;VILLEURBANNE;CHARPENNE WILSON;797046.401423761;2089101.60013596;45,7736449;4,8703075;3;289;84;2;0;0;0;4978
10091;134293355;ChÌ¢teau Gaillard / Fort;;2006-06-28 00:00:00 +0200;2089260.0;798419.0;45.7748;4.88804;692660903;69266;903;VILLEURBANNE;CHATEAU GAILLARD;798257.401422161;2089109.10013588;45,7733601;4,8858716;3;159;39;1;0;0;0;2779
10092;134293356;Montgolfier / ChÌ¢teau Gai;41 rue Montgolfier;2007-11-03 00:00:00 +0100;2088940.0;798603.0;45.7716;4.8904;692660903;69266;903;VILLEURBANNE;CHATEAU GAILLARD;798257.401422161;2089109.10013588;45,7733601;4,8858716;3;101;32;0;0;0;0;2339
10101;134293365;Einstein / Boulevard du 1;;2005-09-17 00:00:00 +0200;2089760.0;797295.0;45.7795;4.87433;692660202;69266;202;VILLEURBANNE;ONZE NOVEMBRE;797072.001423688;2089576.50013616;45,7779078;4,8708332;1;97;36;1;0;0;0;3794
10102;134293366;La Doua / rue Gaston Berg;;;2089900.0;797095.0;45.7809;4.87132;692660202;69266;202;VILLEURBANNE;ONZE NOVEMBRE;797072.001423688;2089576.50013616;45,7779078;4,8708332;2;276;114;5;0;1;0;3130
10103;134293367;La Doua / Rue des Sports;;;2090340.0;797524.0;45.7845;4.8774;692660201;69266;201;VILLEURBANNE;DOUA;797483.901423061;2090585.50013656;45,7868611;4,8765455;1;81;47;5;0;0;0;2520
10110;134293374;MÌ©moire et SociÌ©tÌ©;;2006-09-26 00:00:00 +0200;2087580.0;798044.0;45.7596;4.88281;692661302;69266;1302;VILLEURBANNE;FERRANDIERE;797814.001422872;2087576.60013526;45,7597092;4,879537;2;144;28;1;0;0;0;3690
10111;134293375;Charles Hernu;;2006-09-20 00:00:00 +0200;2088700.0;796366.0;45.7703;4.86226;692660301;69266;301;VILLEURBANNE;TONKIN SUD;796424.401424596;2088948.50013594;45,7724483;4,8622517;1;366;145;11;0;0;0;2886
10112;134293376;Place de la Reconnaissanc;;2006-08-13 00:00:00 +0200;2086970.0;798427.0;45.7545;4.88514;692661303;69266;1303;VILLEURBANNE;MAISONS NEUVES;797890.001422798;2087250.50013511;45,7567549;4,8803777;1;341;99;0;0;0;0;4696
10113;134293377;Gare de Villeurbanne;4 avenue Paul KrÌ_ger;2007-10-30 00:00:00 +0100;2087160.0;798766.0;45.7558;4.89149;692661502;69266;1502;VILLEURBANNE;GENAS;798920.001421448;2087132.00013499;45,7553887;4,8935593;2;213;85;3;0;0;0;3993
10114;134293378;Bel Air / Les Brosses;En face du nå¡2 avenue de Bel Air;2007-10-25 00:00:00 +0200;2087470.0;800209.0;45.7581;4.91062;692661802;69266;1802;VILLEURBANNE;BEL AIR;800268.701419659;2087239.00013494;45,7559549;4,9109288;2;62;12;0;0;0;0;2542
10115;134293379;Place d Espagne / Stade K;133 avenue Paul KrÌ_ger;2007-11-04 00:00:00 +0100;2087040.0;799779.0;45.7541;4.90566;692661703;69266;1703;VILLEURBANNE;FAYS - BON COIN;799758.101420316;2087451.00013506;45,7580114;4,9044588;3;215;86;2;0;0;0;3204
10116;134293380;Blum / FaÌøs;171 rue LÌ©on Blum;2007-09-25 00:00:00 +0200;2087740.0;799851.0;45.7606;4.90621;692661704;69266;1704;VILLEURBANNE;FAYS EST;799971.501420005;2087807.1001352;45,7611506;4,9073498;4;101;42;1;0;0;0;1542
10117;134293381;La PeralliÌ¬re;;2007-05-19 00:00:00 +0200;2088140.0;798783.0;45.7646;4.89233;692661404;69266;1404;VILLEURBANNE;PIERRE CACARD;798899.501421378;2088313.60013549;45,7660195;4,8937898;4;117;31;1;0;0;0;2469
10118;134293382;Voyant / Chambord;92 rue Voyant;2007-10-31 00:00:00 +0100;2088470.0;799411.0;45.7672;4.9006;692661404;69266;1404;VILLEURBANNE;PIERRE CACARD;798899.501421378;2088313.60013549;45,7660195;4,8937898;2;134;39;0;0;0;0;3145
10119;134293383;Villeurbanne Saint Jean;;2007-11-08 00:00:00 +0100;2089930.0;799673.0;45.7765;4.90132;692660801;69266;801;VILLEURBANNE;SAINT-JEAN;799322.501420692;2089855.00013611;45,7797556;4,8998703;1;378;162;10;0;0;0;3501
10120;134293384;Salengro / Descartes;39 rue Roger Salengro;2007-09-26 00:00:00 +0200;2089360.0;797126.0;45.7763;4.87163;692660202;69266;202;VILLEURBANNE;ONZE NOVEMBRE;797072.001423688;2089576.50013616;45,7779078;4,8708332;2;276;114;5;0;1;0;3130
10121;134293385;Parc du Centre;Angle Rue Billon / Rue F. De Pressense;2007-05-31 00:00:00 +0200;2088930.0;797716.0;45.7719;4.87906;692660902;69266;902;VILLEURBANNE;LES POULETTES;797727.001422861;2089109.10013592;45,7735147;4,8790562;1;194;90;2;0;1;0;2412
10122;134293386;Verdun / Desgrand;13 rue de Verdun;2007-10-31 00:00:00 +0100;2090320.0;799083.0;45.7841;4.89708;692660801;69266;801;VILLEURBANNE;SAINT-JEAN;799322.501420692;2089855.00013611;45,7797556;4,8998703;1;378;162;10;0;0;0;3501
11001;134294265;Gare de Cuire;;2007-10-31 00:00:00 +0100;2090390.0;794166.0;45.7861;4.8338;693840201;69384;201;LYON 4E;HOPITAL - SAINT-DENIS;793960.40142778;2089860.00013651;45,7813523;4,8309616;1;71;21;0;0;0;0;332
11002;134294266;Saint Clair;49 cours Aristide Briand;;2090370.0;795264.0;45.7857;4.8483;693840102;69384;102;LYON 4E;BOUCLE LOUIS THEVENET;794620.301426922;2089682.10013639;45,7795639;4,8393697;1;269;107;12;0;2;0;506
12001;134295265;La Soie;Rue de la Poudrette;;2087780.0;801013.0;45.7608;4.9206;692661804;69266;1804;VILLEURBANNE;POUDRETTE;800875.901418865;2087162.10013486;45,7550844;4,918696;1;116;64;9;0;0;0;581
12002;134295266;12002 - POUDRETTE LA SOIE;;;2088170.0;800896.0;45.7645;4.919;692661602;69266;1602;VILLEURBANNE;BONNEVAY;799974.001419939;2088561.00013552;45,7679288;4,9076987;1;116;64;9;0;0;0;581